"videoId","binIndex","segmentStartSeconds","segmentEndSeconds","clipStartSeconds","clipEndSeconds","clipDurationSeconds","impairment","severity","severityValue","referenceClipPath","impairedClipPath","vmafDelta","ssimDelta","psnrDelta","rebufferDurationSeconds","computationalQoeScore"
"q89vpZ1kwpM","48","105.600","107.800","91.700","121.700","30.000","rebuffering","2s","2","media/q89vpZ1kwpM/moment-048-reference.mp4","media/q89vpZ1kwpM/moment-048-rebuffering-2s.mp4","","","","",""
"q89vpZ1kwpM","48","105.600","107.800","91.700","121.700","30.000","rebuffering","5s","5","media/q89vpZ1kwpM/moment-048-reference.mp4","media/q89vpZ1kwpM/moment-048-rebuffering-5s.mp4","","","","",""
"q89vpZ1kwpM","48","105.600","107.800","91.700","121.700","30.000","bitrate_reduction","50_percent","0.5","media/q89vpZ1kwpM/moment-048-reference.mp4","media/q89vpZ1kwpM/moment-048-bitrate_reduction-50_percent.mp4","","","","",""
"q89vpZ1kwpM","48","105.600","107.800","91.700","121.700","30.000","bitrate_reduction","25_percent","0.75","media/q89vpZ1kwpM/moment-048-reference.mp4","media/q89vpZ1kwpM/moment-048-bitrate_reduction-25_percent.mp4","","","","",""
"q89vpZ1kwpM","48","105.600","107.800","91.700","121.700","30.000","resolution_reduction","50_percent","0.5","media/q89vpZ1kwpM/moment-048-reference.mp4","media/q89vpZ1kwpM/moment-048-resolution_reduction-50_percent.mp4","","","","",""
"q89vpZ1kwpM","48","105.600","107.800","91.700","121.700","30.000","resolution_reduction","25_percent","0.75","media/q89vpZ1kwpM/moment-048-reference.mp4","media/q89vpZ1kwpM/moment-048-resolution_reduction-25_percent.mp4","","","","",""
"q89vpZ1kwpM","99","217.800","220.000","190.000","220.000","30.000","rebuffering","2s","2","media/q89vpZ1kwpM/moment-099-reference.mp4","media/q89vpZ1kwpM/moment-099-rebuffering-2s.mp4","","","","",""
"q89vpZ1kwpM","99","217.800","220.000","190.000","220.000","30.000","rebuffering","5s","5","media/q89vpZ1kwpM/moment-099-reference.mp4","media/q89vpZ1kwpM/moment-099-rebuffering-5s.mp4","","","","",""
"q89vpZ1kwpM","99","217.800","220.000","190.000","220.000","30.000","bitrate_reduction","50_percent","0.5","media/q89vpZ1kwpM/moment-099-reference.mp4","media/q89vpZ1kwpM/moment-099-bitrate_reduction-50_percent.mp4","","","","",""
"q89vpZ1kwpM","99","217.800","220.000","190.000","220.000","30.000","bitrate_reduction","25_percent","0.75","media/q89vpZ1kwpM/moment-099-reference.mp4","media/q89vpZ1kwpM/moment-099-bitrate_reduction-25_percent.mp4","","","","",""
"q89vpZ1kwpM","99","217.800","220.000","190.000","220.000","30.000","resolution_reduction","50_percent","0.5","media/q89vpZ1kwpM/moment-099-reference.mp4","media/q89vpZ1kwpM/moment-099-resolution_reduction-50_percent.mp4","","","","",""
"q89vpZ1kwpM","99","217.800","220.000","190.000","220.000","30.000","resolution_reduction","25_percent","0.75","media/q89vpZ1kwpM/moment-099-reference.mp4","media/q89vpZ1kwpM/moment-099-resolution_reduction-25_percent.mp4","","","","",""
"q89vpZ1kwpM","7","15.400","17.600","1.500","31.500","30.000","rebuffering","2s","2","media/q89vpZ1kwpM/moment-007-reference.mp4","media/q89vpZ1kwpM/moment-007-rebuffering-2s.mp4","","","","",""
"q89vpZ1kwpM","7","15.400","17.600","1.500","31.500","30.000","rebuffering","5s","5","media/q89vpZ1kwpM/moment-007-reference.mp4","media/q89vpZ1kwpM/moment-007-rebuffering-5s.mp4","","","","",""
"q89vpZ1kwpM","7","15.400","17.600","1.500","31.500","30.000","bitrate_reduction","50_percent","0.5","media/q89vpZ1kwpM/moment-007-reference.mp4","media/q89vpZ1kwpM/moment-007-bitrate_reduction-50_percent.mp4","","","","",""
"q89vpZ1kwpM","7","15.400","17.600","1.500","31.500","30.000","bitrate_reduction","25_percent","0.75","media/q89vpZ1kwpM/moment-007-reference.mp4","media/q89vpZ1kwpM/moment-007-bitrate_reduction-25_percent.mp4","","","","",""
"q89vpZ1kwpM","7","15.400","17.600","1.500","31.500","30.000","resolution_reduction","50_percent","0.5","media/q89vpZ1kwpM/moment-007-reference.mp4","media/q89vpZ1kwpM/moment-007-resolution_reduction-50_percent.mp4","","","","",""
"q89vpZ1kwpM","7","15.400","17.600","1.500","31.500","30.000","resolution_reduction","25_percent","0.75","media/q89vpZ1kwpM/moment-007-reference.mp4","media/q89vpZ1kwpM/moment-007-resolution_reduction-25_percent.mp4","","","","",""
"q89vpZ1kwpM","37","81.400","83.600","67.500","97.500","30.000","rebuffering","2s","2","media/q89vpZ1kwpM/moment-037-reference.mp4","media/q89vpZ1kwpM/moment-037-rebuffering-2s.mp4","","","","",""
"q89vpZ1kwpM","37","81.400","83.600","67.500","97.500","30.000","rebuffering","5s","5","media/q89vpZ1kwpM/moment-037-reference.mp4","media/q89vpZ1kwpM/moment-037-rebuffering-5s.mp4","","","","",""
"q89vpZ1kwpM","37","81.400","83.600","67.500","97.500","30.000","bitrate_reduction","50_percent","0.5","media/q89vpZ1kwpM/moment-037-reference.mp4","media/q89vpZ1kwpM/moment-037-bitrate_reduction-50_percent.mp4","","","","",""
"q89vpZ1kwpM","37","81.400","83.600","67.500","97.500","30.000","bitrate_reduction","25_percent","0.75","media/q89vpZ1kwpM/moment-037-reference.mp4","media/q89vpZ1kwpM/moment-037-bitrate_reduction-25_percent.mp4","","","","",""
"q89vpZ1kwpM","37","81.400","83.600","67.500","97.500","30.000","resolution_reduction","50_percent","0.5","media/q89vpZ1kwpM/moment-037-reference.mp4","media/q89vpZ1kwpM/moment-037-resolution_reduction-50_percent.mp4","","","","",""
"q89vpZ1kwpM","37","81.400","83.600","67.500","97.500","30.000","resolution_reduction","25_percent","0.75","media/q89vpZ1kwpM/moment-037-reference.mp4","media/q89vpZ1kwpM/moment-037-resolution_reduction-25_percent.mp4","","","","",""
"rzj4FFi7wt8","92","838.120","847.230","827.675","857.675","30.000","rebuffering","2s","2","media/rzj4FFi7wt8/moment-092-reference.mp4","media/rzj4FFi7wt8/moment-092-rebuffering-2s.mp4","","","","",""
"rzj4FFi7wt8","92","838.120","847.230","827.675","857.675","30.000","rebuffering","5s","5","media/rzj4FFi7wt8/moment-092-reference.mp4","media/rzj4FFi7wt8/moment-092-rebuffering-5s.mp4","","","","",""
"rzj4FFi7wt8","92","838.120","847.230","827.675","857.675","30.000","bitrate_reduction","50_percent","0.5","media/rzj4FFi7wt8/moment-092-reference.mp4","media/rzj4FFi7wt8/moment-092-bitrate_reduction-50_percent.mp4","","","","",""
"rzj4FFi7wt8","92","838.120","847.230","827.675","857.675","30.000","bitrate_reduction","25_percent","0.75","media/rzj4FFi7wt8/moment-092-reference.mp4","media/rzj4FFi7wt8/moment-092-bitrate_reduction-25_percent.mp4","","","","",""
"rzj4FFi7wt8","92","838.120","847.230","827.675","857.675","30.000","resolution_reduction","50_percent","0.5","media/rzj4FFi7wt8/moment-092-reference.mp4","media/rzj4FFi7wt8/moment-092-resolution_reduction-50_percent.mp4","","","","",""
"rzj4FFi7wt8","92","838.120","847.230","827.675","857.675","30.000","resolution_reduction","25_percent","0.75","media/rzj4FFi7wt8/moment-092-reference.mp4","media/rzj4FFi7wt8/moment-092-resolution_reduction-25_percent.mp4","","","","",""
"rzj4FFi7wt8","53","482.830","491.940","472.385","502.385","30.000","rebuffering","2s","2","media/rzj4FFi7wt8/moment-053-reference.mp4","media/rzj4FFi7wt8/moment-053-rebuffering-2s.mp4","","","","",""
"rzj4FFi7wt8","53","482.830","491.940","472.385","502.385","30.000","rebuffering","5s","5","media/rzj4FFi7wt8/moment-053-reference.mp4","media/rzj4FFi7wt8/moment-053-rebuffering-5s.mp4","","","","",""
"rzj4FFi7wt8","53","482.830","491.940","472.385","502.385","30.000","bitrate_reduction","50_percent","0.5","media/rzj4FFi7wt8/moment-053-reference.mp4","media/rzj4FFi7wt8/moment-053-bitrate_reduction-50_percent.mp4","","","","",""
"rzj4FFi7wt8","53","482.830","491.940","472.385","502.385","30.000","bitrate_reduction","25_percent","0.75","media/rzj4FFi7wt8/moment-053-reference.mp4","media/rzj4FFi7wt8/moment-053-bitrate_reduction-25_percent.mp4","","","","",""
"rzj4FFi7wt8","53","482.830","491.940","472.385","502.385","30.000","resolution_reduction","50_percent","0.5","media/rzj4FFi7wt8/moment-053-reference.mp4","media/rzj4FFi7wt8/moment-053-resolution_reduction-50_percent.mp4","","","","",""
"rzj4FFi7wt8","53","482.830","491.940","472.385","502.385","30.000","resolution_reduction","25_percent","0.75","media/rzj4FFi7wt8/moment-053-reference.mp4","media/rzj4FFi7wt8/moment-053-resolution_reduction-25_percent.mp4","","","","",""
"rzj4FFi7wt8","76","692.360","701.470","681.915","711.915","30.000","rebuffering","2s","2","media/rzj4FFi7wt8/moment-076-reference.mp4","media/rzj4FFi7wt8/moment-076-rebuffering-2s.mp4","","","","",""
"rzj4FFi7wt8","76","692.360","701.470","681.915","711.915","30.000","rebuffering","5s","5","media/rzj4FFi7wt8/moment-076-reference.mp4","media/rzj4FFi7wt8/moment-076-rebuffering-5s.mp4","","","","",""
"rzj4FFi7wt8","76","692.360","701.470","681.915","711.915","30.000","bitrate_reduction","50_percent","0.5","media/rzj4FFi7wt8/moment-076-reference.mp4","media/rzj4FFi7wt8/moment-076-bitrate_reduction-50_percent.mp4","","","","",""
"rzj4FFi7wt8","76","692.360","701.470","681.915","711.915","30.000","bitrate_reduction","25_percent","0.75","media/rzj4FFi7wt8/moment-076-reference.mp4","media/rzj4FFi7wt8/moment-076-bitrate_reduction-25_percent.mp4","","","","",""
"rzj4FFi7wt8","76","692.360","701.470","681.915","711.915","30.000","resolution_reduction","50_percent","0.5","media/rzj4FFi7wt8/moment-076-reference.mp4","media/rzj4FFi7wt8/moment-076-resolution_reduction-50_percent.mp4","","","","",""
"rzj4FFi7wt8","76","692.360","701.470","681.915","711.915","30.000","resolution_reduction","25_percent","0.75","media/rzj4FFi7wt8/moment-076-reference.mp4","media/rzj4FFi7wt8/moment-076-resolution_reduction-25_percent.mp4","","","","",""
"rzj4FFi7wt8","39","355.290","364.400","344.845","374.845","30.000","rebuffering","2s","2","media/rzj4FFi7wt8/moment-039-reference.mp4","media/rzj4FFi7wt8/moment-039-rebuffering-2s.mp4","","","","",""
"rzj4FFi7wt8","39","355.290","364.400","344.845","374.845","30.000","rebuffering","5s","5","media/rzj4FFi7wt8/moment-039-reference.mp4","media/rzj4FFi7wt8/moment-039-rebuffering-5s.mp4","","","","",""
"rzj4FFi7wt8","39","355.290","364.400","344.845","374.845","30.000","bitrate_reduction","50_percent","0.5","media/rzj4FFi7wt8/moment-039-reference.mp4","media/rzj4FFi7wt8/moment-039-bitrate_reduction-50_percent.mp4","","","","",""
"rzj4FFi7wt8","39","355.290","364.400","344.845","374.845","30.000","bitrate_reduction","25_percent","0.75","media/rzj4FFi7wt8/moment-039-reference.mp4","media/rzj4FFi7wt8/moment-039-bitrate_reduction-25_percent.mp4","","","","",""
"rzj4FFi7wt8","39","355.290","364.400","344.845","374.845","30.000","resolution_reduction","50_percent","0.5","media/rzj4FFi7wt8/moment-039-reference.mp4","media/rzj4FFi7wt8/moment-039-resolution_reduction-50_percent.mp4","","","","",""
"rzj4FFi7wt8","39","355.290","364.400","344.845","374.845","30.000","resolution_reduction","25_percent","0.75","media/rzj4FFi7wt8/moment-039-reference.mp4","media/rzj4FFi7wt8/moment-039-resolution_reduction-25_percent.mp4","","","","",""
"aE4BdIP6bvc","35","302.400","311.040","291.720","321.720","30.000","rebuffering","2s","2","media/aE4BdIP6bvc/moment-035-reference.mp4","media/aE4BdIP6bvc/moment-035-rebuffering-2s.mp4","","","","",""
"aE4BdIP6bvc","35","302.400","311.040","291.720","321.720","30.000","rebuffering","5s","5","media/aE4BdIP6bvc/moment-035-reference.mp4","media/aE4BdIP6bvc/moment-035-rebuffering-5s.mp4","","","","",""
"aE4BdIP6bvc","35","302.400","311.040","291.720","321.720","30.000","bitrate_reduction","50_percent","0.5","media/aE4BdIP6bvc/moment-035-reference.mp4","media/aE4BdIP6bvc/moment-035-bitrate_reduction-50_percent.mp4","","","","",""
"aE4BdIP6bvc","35","302.400","311.040","291.720","321.720","30.000","bitrate_reduction","25_percent","0.75","media/aE4BdIP6bvc/moment-035-reference.mp4","media/aE4BdIP6bvc/moment-035-bitrate_reduction-25_percent.mp4","","","","",""
"aE4BdIP6bvc","35","302.400","311.040","291.720","321.720","30.000","resolution_reduction","50_percent","0.5","media/aE4BdIP6bvc/moment-035-reference.mp4","media/aE4BdIP6bvc/moment-035-resolution_reduction-50_percent.mp4","","","","",""
"aE4BdIP6bvc","35","302.400","311.040","291.720","321.720","30.000","resolution_reduction","25_percent","0.75","media/aE4BdIP6bvc/moment-035-reference.mp4","media/aE4BdIP6bvc/moment-035-resolution_reduction-25_percent.mp4","","","","",""
"aE4BdIP6bvc","3","25.920","34.560","15.240","45.240","30.000","rebuffering","2s","2","media/aE4BdIP6bvc/moment-003-reference.mp4","media/aE4BdIP6bvc/moment-003-rebuffering-2s.mp4","","","","",""
"aE4BdIP6bvc","3","25.920","34.560","15.240","45.240","30.000","rebuffering","5s","5","media/aE4BdIP6bvc/moment-003-reference.mp4","media/aE4BdIP6bvc/moment-003-rebuffering-5s.mp4","","","","",""
"aE4BdIP6bvc","3","25.920","34.560","15.240","45.240","30.000","bitrate_reduction","50_percent","0.5","media/aE4BdIP6bvc/moment-003-reference.mp4","media/aE4BdIP6bvc/moment-003-bitrate_reduction-50_percent.mp4","","","","",""
"aE4BdIP6bvc","3","25.920","34.560","15.240","45.240","30.000","bitrate_reduction","25_percent","0.75","media/aE4BdIP6bvc/moment-003-reference.mp4","media/aE4BdIP6bvc/moment-003-bitrate_reduction-25_percent.mp4","","","","",""
"aE4BdIP6bvc","3","25.920","34.560","15.240","45.240","30.000","resolution_reduction","50_percent","0.5","media/aE4BdIP6bvc/moment-003-reference.mp4","media/aE4BdIP6bvc/moment-003-resolution_reduction-50_percent.mp4","","","","",""
"aE4BdIP6bvc","3","25.920","34.560","15.240","45.240","30.000","resolution_reduction","25_percent","0.75","media/aE4BdIP6bvc/moment-003-reference.mp4","media/aE4BdIP6bvc/moment-003-resolution_reduction-25_percent.mp4","","","","",""
"aE4BdIP6bvc","79","682.560","691.200","671.880","701.880","30.000","rebuffering","2s","2","media/aE4BdIP6bvc/moment-079-reference.mp4","media/aE4BdIP6bvc/moment-079-rebuffering-2s.mp4","","","","",""
"aE4BdIP6bvc","79","682.560","691.200","671.880","701.880","30.000","rebuffering","5s","5","media/aE4BdIP6bvc/moment-079-reference.mp4","media/aE4BdIP6bvc/moment-079-rebuffering-5s.mp4","","","","",""
"aE4BdIP6bvc","79","682.560","691.200","671.880","701.880","30.000","bitrate_reduction","50_percent","0.5","media/aE4BdIP6bvc/moment-079-reference.mp4","media/aE4BdIP6bvc/moment-079-bitrate_reduction-50_percent.mp4","","","","",""
"aE4BdIP6bvc","79","682.560","691.200","671.880","701.880","30.000","bitrate_reduction","25_percent","0.75","media/aE4BdIP6bvc/moment-079-reference.mp4","media/aE4BdIP6bvc/moment-079-bitrate_reduction-25_percent.mp4","","","","",""
"aE4BdIP6bvc","79","682.560","691.200","671.880","701.880","30.000","resolution_reduction","50_percent","0.5","media/aE4BdIP6bvc/moment-079-reference.mp4","media/aE4BdIP6bvc/moment-079-resolution_reduction-50_percent.mp4","","","","",""
"aE4BdIP6bvc","79","682.560","691.200","671.880","701.880","30.000","resolution_reduction","25_percent","0.75","media/aE4BdIP6bvc/moment-079-reference.mp4","media/aE4BdIP6bvc/moment-079-resolution_reduction-25_percent.mp4","","","","",""
"aE4BdIP6bvc","63","544.320","552.960","533.640","563.640","30.000","rebuffering","2s","2","media/aE4BdIP6bvc/moment-063-reference.mp4","media/aE4BdIP6bvc/moment-063-rebuffering-2s.mp4","","","","",""
"aE4BdIP6bvc","63","544.320","552.960","533.640","563.640","30.000","rebuffering","5s","5","media/aE4BdIP6bvc/moment-063-reference.mp4","media/aE4BdIP6bvc/moment-063-rebuffering-5s.mp4","","","","",""
"aE4BdIP6bvc","63","544.320","552.960","533.640","563.640","30.000","bitrate_reduction","50_percent","0.5","media/aE4BdIP6bvc/moment-063-reference.mp4","media/aE4BdIP6bvc/moment-063-bitrate_reduction-50_percent.mp4","","","","",""
"aE4BdIP6bvc","63","544.320","552.960","533.640","563.640","30.000","bitrate_reduction","25_percent","0.75","media/aE4BdIP6bvc/moment-063-reference.mp4","media/aE4BdIP6bvc/moment-063-bitrate_reduction-25_percent.mp4","","","","",""
"aE4BdIP6bvc","63","544.320","552.960","533.640","563.640","30.000","resolution_reduction","50_percent","0.5","media/aE4BdIP6bvc/moment-063-reference.mp4","media/aE4BdIP6bvc/moment-063-resolution_reduction-50_percent.mp4","","","","",""
"aE4BdIP6bvc","63","544.320","552.960","533.640","563.640","30.000","resolution_reduction","25_percent","0.75","media/aE4BdIP6bvc/moment-063-reference.mp4","media/aE4BdIP6bvc/moment-063-resolution_reduction-25_percent.mp4","","","","",""
"ecKnyyuMsmw","26","108.940","113.130","96.035","126.035","30.000","rebuffering","2s","2","media/ecKnyyuMsmw/moment-026-reference.mp4","media/ecKnyyuMsmw/moment-026-rebuffering-2s.mp4","","","","",""
"ecKnyyuMsmw","26","108.940","113.130","96.035","126.035","30.000","rebuffering","5s","5","media/ecKnyyuMsmw/moment-026-reference.mp4","media/ecKnyyuMsmw/moment-026-rebuffering-5s.mp4","","","","",""
"ecKnyyuMsmw","26","108.940","113.130","96.035","126.035","30.000","bitrate_reduction","50_percent","0.5","media/ecKnyyuMsmw/moment-026-reference.mp4","media/ecKnyyuMsmw/moment-026-bitrate_reduction-50_percent.mp4","","","","",""
"ecKnyyuMsmw","26","108.940","113.130","96.035","126.035","30.000","bitrate_reduction","25_percent","0.75","media/ecKnyyuMsmw/moment-026-reference.mp4","media/ecKnyyuMsmw/moment-026-bitrate_reduction-25_percent.mp4","","","","",""
"ecKnyyuMsmw","26","108.940","113.130","96.035","126.035","30.000","resolution_reduction","50_percent","0.5","media/ecKnyyuMsmw/moment-026-reference.mp4","media/ecKnyyuMsmw/moment-026-resolution_reduction-50_percent.mp4","","","","",""
"ecKnyyuMsmw","26","108.940","113.130","96.035","126.035","30.000","resolution_reduction","25_percent","0.75","media/ecKnyyuMsmw/moment-026-reference.mp4","media/ecKnyyuMsmw/moment-026-resolution_reduction-25_percent.mp4","","","","",""
"ecKnyyuMsmw","18","75.420","79.610","62.515","92.515","30.000","rebuffering","2s","2","media/ecKnyyuMsmw/moment-018-reference.mp4","media/ecKnyyuMsmw/moment-018-rebuffering-2s.mp4","","","","",""
"ecKnyyuMsmw","18","75.420","79.610","62.515","92.515","30.000","rebuffering","5s","5","media/ecKnyyuMsmw/moment-018-reference.mp4","media/ecKnyyuMsmw/moment-018-rebuffering-5s.mp4","","","","",""
"ecKnyyuMsmw","18","75.420","79.610","62.515","92.515","30.000","bitrate_reduction","50_percent","0.5","media/ecKnyyuMsmw/moment-018-reference.mp4","media/ecKnyyuMsmw/moment-018-bitrate_reduction-50_percent.mp4","","","","",""
"ecKnyyuMsmw","18","75.420","79.610","62.515","92.515","30.000","bitrate_reduction","25_percent","0.75","media/ecKnyyuMsmw/moment-018-reference.mp4","media/ecKnyyuMsmw/moment-018-bitrate_reduction-25_percent.mp4","","","","",""
"ecKnyyuMsmw","18","75.420","79.610","62.515","92.515","30.000","resolution_reduction","50_percent","0.5","media/ecKnyyuMsmw/moment-018-reference.mp4","media/ecKnyyuMsmw/moment-018-resolution_reduction-50_percent.mp4","","","","",""
"ecKnyyuMsmw","18","75.420","79.610","62.515","92.515","30.000","resolution_reduction","25_percent","0.75","media/ecKnyyuMsmw/moment-018-reference.mp4","media/ecKnyyuMsmw/moment-018-resolution_reduction-25_percent.mp4","","","","",""
"ecKnyyuMsmw","98","410.620","414.810","389.000","419.000","30.000","rebuffering","2s","2","media/ecKnyyuMsmw/moment-098-reference.mp4","media/ecKnyyuMsmw/moment-098-rebuffering-2s.mp4","","","","",""
"ecKnyyuMsmw","98","410.620","414.810","389.000","419.000","30.000","rebuffering","5s","5","media/ecKnyyuMsmw/moment-098-reference.mp4","media/ecKnyyuMsmw/moment-098-rebuffering-5s.mp4","","","","",""
"ecKnyyuMsmw","98","410.620","414.810","389.000","419.000","30.000","bitrate_reduction","50_percent","0.5","media/ecKnyyuMsmw/moment-098-reference.mp4","media/ecKnyyuMsmw/moment-098-bitrate_reduction-50_percent.mp4","","","","",""
"ecKnyyuMsmw","98","410.620","414.810","389.000","419.000","30.000","bitrate_reduction","25_percent","0.75","media/ecKnyyuMsmw/moment-098-reference.mp4","media/ecKnyyuMsmw/moment-098-bitrate_reduction-25_percent.mp4","","","","",""
"ecKnyyuMsmw","98","410.620","414.810","389.000","419.000","30.000","resolution_reduction","50_percent","0.5","media/ecKnyyuMsmw/moment-098-reference.mp4","media/ecKnyyuMsmw/moment-098-resolution_reduction-50_percent.mp4","","","","",""
"ecKnyyuMsmw","98","410.620","414.810","389.000","419.000","30.000","resolution_reduction","25_percent","0.75","media/ecKnyyuMsmw/moment-098-reference.mp4","media/ecKnyyuMsmw/moment-098-resolution_reduction-25_percent.mp4","","","","",""
"ecKnyyuMsmw","56","234.640","238.830","221.735","251.735","30.000","rebuffering","2s","2","media/ecKnyyuMsmw/moment-056-reference.mp4","media/ecKnyyuMsmw/moment-056-rebuffering-2s.mp4","","","","",""
"ecKnyyuMsmw","56","234.640","238.830","221.735","251.735","30.000","rebuffering","5s","5","media/ecKnyyuMsmw/moment-056-reference.mp4","media/ecKnyyuMsmw/moment-056-rebuffering-5s.mp4","","","","",""
"ecKnyyuMsmw","56","234.640","238.830","221.735","251.735","30.000","bitrate_reduction","50_percent","0.5","media/ecKnyyuMsmw/moment-056-reference.mp4","media/ecKnyyuMsmw/moment-056-bitrate_reduction-50_percent.mp4","","","","",""
"ecKnyyuMsmw","56","234.640","238.830","221.735","251.735","30.000","bitrate_reduction","25_percent","0.75","media/ecKnyyuMsmw/moment-056-reference.mp4","media/ecKnyyuMsmw/moment-056-bitrate_reduction-25_percent.mp4","","","","",""
"ecKnyyuMsmw","56","234.640","238.830","221.735","251.735","30.000","resolution_reduction","50_percent","0.5","media/ecKnyyuMsmw/moment-056-reference.mp4","media/ecKnyyuMsmw/moment-056-resolution_reduction-50_percent.mp4","","","","",""
"ecKnyyuMsmw","56","234.640","238.830","221.735","251.735","30.000","resolution_reduction","25_percent","0.75","media/ecKnyyuMsmw/moment-056-reference.mp4","media/ecKnyyuMsmw/moment-056-resolution_reduction-25_percent.mp4","","","","",""
"5qjnDd1rsII","99","1093.950","1105.000","1075.000","1105.000","30.000","rebuffering","2s","2","media/5qjnDd1rsII/moment-099-reference.mp4","media/5qjnDd1rsII/moment-099-rebuffering-2s.mp4","","","","",""
"5qjnDd1rsII","99","1093.950","1105.000","1075.000","1105.000","30.000","rebuffering","5s","5","media/5qjnDd1rsII/moment-099-reference.mp4","media/5qjnDd1rsII/moment-099-rebuffering-5s.mp4","","","","",""
"5qjnDd1rsII","99","1093.950","1105.000","1075.000","1105.000","30.000","bitrate_reduction","50_percent","0.5","media/5qjnDd1rsII/moment-099-reference.mp4","media/5qjnDd1rsII/moment-099-bitrate_reduction-50_percent.mp4","","","","",""
"5qjnDd1rsII","99","1093.950","1105.000","1075.000","1105.000","30.000","bitrate_reduction","25_percent","0.75","media/5qjnDd1rsII/moment-099-reference.mp4","media/5qjnDd1rsII/moment-099-bitrate_reduction-25_percent.mp4","","","","",""
"5qjnDd1rsII","99","1093.950","1105.000","1075.000","1105.000","30.000","resolution_reduction","50_percent","0.5","media/5qjnDd1rsII/moment-099-reference.mp4","media/5qjnDd1rsII/moment-099-resolution_reduction-50_percent.mp4","","","","",""
"5qjnDd1rsII","99","1093.950","1105.000","1075.000","1105.000","30.000","resolution_reduction","25_percent","0.75","media/5qjnDd1rsII/moment-099-reference.mp4","media/5qjnDd1rsII/moment-099-resolution_reduction-25_percent.mp4","","","","",""
"5qjnDd1rsII","0","0.000","11.050","0.000","30.000","30.000","rebuffering","2s","2","media/5qjnDd1rsII/moment-000-reference.mp4","media/5qjnDd1rsII/moment-000-rebuffering-2s.mp4","","","","",""
"5qjnDd1rsII","0","0.000","11.050","0.000","30.000","30.000","rebuffering","5s","5","media/5qjnDd1rsII/moment-000-reference.mp4","media/5qjnDd1rsII/moment-000-rebuffering-5s.mp4","","","","",""
"5qjnDd1rsII","0","0.000","11.050","0.000","30.000","30.000","bitrate_reduction","50_percent","0.5","media/5qjnDd1rsII/moment-000-reference.mp4","media/5qjnDd1rsII/moment-000-bitrate_reduction-50_percent.mp4","","","","",""
"5qjnDd1rsII","0","0.000","11.050","0.000","30.000","30.000","bitrate_reduction","25_percent","0.75","media/5qjnDd1rsII/moment-000-reference.mp4","media/5qjnDd1rsII/moment-000-bitrate_reduction-25_percent.mp4","","","","",""
"5qjnDd1rsII","0","0.000","11.050","0.000","30.000","30.000","resolution_reduction","50_percent","0.5","media/5qjnDd1rsII/moment-000-reference.mp4","media/5qjnDd1rsII/moment-000-resolution_reduction-50_percent.mp4","","","","",""
"5qjnDd1rsII","0","0.000","11.050","0.000","30.000","30.000","resolution_reduction","25_percent","0.75","media/5qjnDd1rsII/moment-000-reference.mp4","media/5qjnDd1rsII/moment-000-resolution_reduction-25_percent.mp4","","","","",""
"5qjnDd1rsII","86","950.300","961.350","940.825","970.825","30.000","rebuffering","2s","2","media/5qjnDd1rsII/moment-086-reference.mp4","media/5qjnDd1rsII/moment-086-rebuffering-2s.mp4","","","","",""
"5qjnDd1rsII","86","950.300","961.350","940.825","970.825","30.000","rebuffering","5s","5","media/5qjnDd1rsII/moment-086-reference.mp4","media/5qjnDd1rsII/moment-086-rebuffering-5s.mp4","","","","",""
"5qjnDd1rsII","86","950.300","961.350","940.825","970.825","30.000","bitrate_reduction","50_percent","0.5","media/5qjnDd1rsII/moment-086-reference.mp4","media/5qjnDd1rsII/moment-086-bitrate_reduction-50_percent.mp4","","","","",""
"5qjnDd1rsII","86","950.300","961.350","940.825","970.825","30.000","bitrate_reduction","25_percent","0.75","media/5qjnDd1rsII/moment-086-reference.mp4","media/5qjnDd1rsII/moment-086-bitrate_reduction-25_percent.mp4","","","","",""
"5qjnDd1rsII","86","950.300","961.350","940.825","970.825","30.000","resolution_reduction","50_percent","0.5","media/5qjnDd1rsII/moment-086-reference.mp4","media/5qjnDd1rsII/moment-086-resolution_reduction-50_percent.mp4","","","","",""
"5qjnDd1rsII","86","950.300","961.350","940.825","970.825","30.000","resolution_reduction","25_percent","0.75","media/5qjnDd1rsII/moment-086-reference.mp4","media/5qjnDd1rsII/moment-086-resolution_reduction-25_percent.mp4","","","","",""
"5qjnDd1rsII","57","629.850","640.900","620.375","650.375","30.000","rebuffering","2s","2","media/5qjnDd1rsII/moment-057-reference.mp4","media/5qjnDd1rsII/moment-057-rebuffering-2s.mp4","","","","",""
"5qjnDd1rsII","57","629.850","640.900","620.375","650.375","30.000","rebuffering","5s","5","media/5qjnDd1rsII/moment-057-reference.mp4","media/5qjnDd1rsII/moment-057-rebuffering-5s.mp4","","","","",""
"5qjnDd1rsII","57","629.850","640.900","620.375","650.375","30.000","bitrate_reduction","50_percent","0.5","media/5qjnDd1rsII/moment-057-reference.mp4","media/5qjnDd1rsII/moment-057-bitrate_reduction-50_percent.mp4","","","","",""
"5qjnDd1rsII","57","629.850","640.900","620.375","650.375","30.000","bitrate_reduction","25_percent","0.75","media/5qjnDd1rsII/moment-057-reference.mp4","media/5qjnDd1rsII/moment-057-bitrate_reduction-25_percent.mp4","","","","",""
"5qjnDd1rsII","57","629.850","640.900","620.375","650.375","30.000","resolution_reduction","50_percent","0.5","media/5qjnDd1rsII/moment-057-reference.mp4","media/5qjnDd1rsII/moment-057-resolution_reduction-50_percent.mp4","","","","",""
"5qjnDd1rsII","57","629.850","640.900","620.375","650.375","30.000","resolution_reduction","25_percent","0.75","media/5qjnDd1rsII/moment-057-reference.mp4","media/5qjnDd1rsII/moment-057-resolution_reduction-25_percent.mp4","","","","",""
"iOztnsBPrAA","90","957.600","968.240","947.920","977.920","30.000","rebuffering","2s","2","media/iOztnsBPrAA/moment-090-reference.mp4","media/iOztnsBPrAA/moment-090-rebuffering-2s.mp4","","","","",""
"iOztnsBPrAA","90","957.600","968.240","947.920","977.920","30.000","rebuffering","5s","5","media/iOztnsBPrAA/moment-090-reference.mp4","media/iOztnsBPrAA/moment-090-rebuffering-5s.mp4","","","","",""
"iOztnsBPrAA","90","957.600","968.240","947.920","977.920","30.000","bitrate_reduction","50_percent","0.5","media/iOztnsBPrAA/moment-090-reference.mp4","media/iOztnsBPrAA/moment-090-bitrate_reduction-50_percent.mp4","","","","",""
"iOztnsBPrAA","90","957.600","968.240","947.920","977.920","30.000","bitrate_reduction","25_percent","0.75","media/iOztnsBPrAA/moment-090-reference.mp4","media/iOztnsBPrAA/moment-090-bitrate_reduction-25_percent.mp4","","","","",""
"iOztnsBPrAA","90","957.600","968.240","947.920","977.920","30.000","resolution_reduction","50_percent","0.5","media/iOztnsBPrAA/moment-090-reference.mp4","media/iOztnsBPrAA/moment-090-resolution_reduction-50_percent.mp4","","","","",""
"iOztnsBPrAA","90","957.600","968.240","947.920","977.920","30.000","resolution_reduction","25_percent","0.75","media/iOztnsBPrAA/moment-090-reference.mp4","media/iOztnsBPrAA/moment-090-resolution_reduction-25_percent.mp4","","","","",""
"iOztnsBPrAA","3","31.920","42.560","22.240","52.240","30.000","rebuffering","2s","2","media/iOztnsBPrAA/moment-003-reference.mp4","media/iOztnsBPrAA/moment-003-rebuffering-2s.mp4","","","","",""
"iOztnsBPrAA","3","31.920","42.560","22.240","52.240","30.000","rebuffering","5s","5","media/iOztnsBPrAA/moment-003-reference.mp4","media/iOztnsBPrAA/moment-003-rebuffering-5s.mp4","","","","",""
"iOztnsBPrAA","3","31.920","42.560","22.240","52.240","30.000","bitrate_reduction","50_percent","0.5","media/iOztnsBPrAA/moment-003-reference.mp4","media/iOztnsBPrAA/moment-003-bitrate_reduction-50_percent.mp4","","","","",""
"iOztnsBPrAA","3","31.920","42.560","22.240","52.240","30.000","bitrate_reduction","25_percent","0.75","media/iOztnsBPrAA/moment-003-reference.mp4","media/iOztnsBPrAA/moment-003-bitrate_reduction-25_percent.mp4","","","","",""
"iOztnsBPrAA","3","31.920","42.560","22.240","52.240","30.000","resolution_reduction","50_percent","0.5","media/iOztnsBPrAA/moment-003-reference.mp4","media/iOztnsBPrAA/moment-003-resolution_reduction-50_percent.mp4","","","","",""
"iOztnsBPrAA","3","31.920","42.560","22.240","52.240","30.000","resolution_reduction","25_percent","0.75","media/iOztnsBPrAA/moment-003-reference.mp4","media/iOztnsBPrAA/moment-003-resolution_reduction-25_percent.mp4","","","","",""
"iOztnsBPrAA","98","1042.720","1053.360","1033.040","1063.040","30.000","rebuffering","2s","2","media/iOztnsBPrAA/moment-098-reference.mp4","media/iOztnsBPrAA/moment-098-rebuffering-2s.mp4","","","","",""
"iOztnsBPrAA","98","1042.720","1053.360","1033.040","1063.040","30.000","rebuffering","5s","5","media/iOztnsBPrAA/moment-098-reference.mp4","media/iOztnsBPrAA/moment-098-rebuffering-5s.mp4","","","","",""
"iOztnsBPrAA","98","1042.720","1053.360","1033.040","1063.040","30.000","bitrate_reduction","50_percent","0.5","media/iOztnsBPrAA/moment-098-reference.mp4","media/iOztnsBPrAA/moment-098-bitrate_reduction-50_percent.mp4","","","","",""
"iOztnsBPrAA","98","1042.720","1053.360","1033.040","1063.040","30.000","bitrate_reduction","25_percent","0.75","media/iOztnsBPrAA/moment-098-reference.mp4","media/iOztnsBPrAA/moment-098-bitrate_reduction-25_percent.mp4","","","","",""
"iOztnsBPrAA","98","1042.720","1053.360","1033.040","1063.040","30.000","resolution_reduction","50_percent","0.5","media/iOztnsBPrAA/moment-098-reference.mp4","media/iOztnsBPrAA/moment-098-resolution_reduction-50_percent.mp4","","","","",""
"iOztnsBPrAA","98","1042.720","1053.360","1033.040","1063.040","30.000","resolution_reduction","25_percent","0.75","media/iOztnsBPrAA/moment-098-reference.mp4","media/iOztnsBPrAA/moment-098-resolution_reduction-25_percent.mp4","","","","",""
"iOztnsBPrAA","24","255.360","266.000","245.680","275.680","30.000","rebuffering","2s","2","media/iOztnsBPrAA/moment-024-reference.mp4","media/iOztnsBPrAA/moment-024-rebuffering-2s.mp4","","","","",""
"iOztnsBPrAA","24","255.360","266.000","245.680","275.680","30.000","rebuffering","5s","5","media/iOztnsBPrAA/moment-024-reference.mp4","media/iOztnsBPrAA/moment-024-rebuffering-5s.mp4","","","","",""
"iOztnsBPrAA","24","255.360","266.000","245.680","275.680","30.000","bitrate_reduction","50_percent","0.5","media/iOztnsBPrAA/moment-024-reference.mp4","media/iOztnsBPrAA/moment-024-bitrate_reduction-50_percent.mp4","","","","",""
"iOztnsBPrAA","24","255.360","266.000","245.680","275.680","30.000","bitrate_reduction","25_percent","0.75","media/iOztnsBPrAA/moment-024-reference.mp4","media/iOztnsBPrAA/moment-024-bitrate_reduction-25_percent.mp4","","","","",""
"iOztnsBPrAA","24","255.360","266.000","245.680","275.680","30.000","resolution_reduction","50_percent","0.5","media/iOztnsBPrAA/moment-024-reference.mp4","media/iOztnsBPrAA/moment-024-resolution_reduction-50_percent.mp4","","","","",""
"iOztnsBPrAA","24","255.360","266.000","245.680","275.680","30.000","resolution_reduction","25_percent","0.75","media/iOztnsBPrAA/moment-024-reference.mp4","media/iOztnsBPrAA/moment-024-resolution_reduction-25_percent.mp4","","","","",""
"hDkuUZ3F1GU","78","2303.340","2332.870","2303.105","2333.105","30.000","rebuffering","2s","2","media/hDkuUZ3F1GU/moment-078-reference.mp4","media/hDkuUZ3F1GU/moment-078-rebuffering-2s.mp4","","","","",""
"hDkuUZ3F1GU","78","2303.340","2332.870","2303.105","2333.105","30.000","rebuffering","5s","5","media/hDkuUZ3F1GU/moment-078-reference.mp4","media/hDkuUZ3F1GU/moment-078-rebuffering-5s.mp4","","","","",""
"hDkuUZ3F1GU","78","2303.340","2332.870","2303.105","2333.105","30.000","bitrate_reduction","50_percent","0.5","media/hDkuUZ3F1GU/moment-078-reference.mp4","media/hDkuUZ3F1GU/moment-078-bitrate_reduction-50_percent.mp4","","","","",""
"hDkuUZ3F1GU","78","2303.340","2332.870","2303.105","2333.105","30.000","bitrate_reduction","25_percent","0.75","media/hDkuUZ3F1GU/moment-078-reference.mp4","media/hDkuUZ3F1GU/moment-078-bitrate_reduction-25_percent.mp4","","","","",""
"hDkuUZ3F1GU","78","2303.340","2332.870","2303.105","2333.105","30.000","resolution_reduction","50_percent","0.5","media/hDkuUZ3F1GU/moment-078-reference.mp4","media/hDkuUZ3F1GU/moment-078-resolution_reduction-50_percent.mp4","","","","",""
"hDkuUZ3F1GU","78","2303.340","2332.870","2303.105","2333.105","30.000","resolution_reduction","25_percent","0.75","media/hDkuUZ3F1GU/moment-078-reference.mp4","media/hDkuUZ3F1GU/moment-078-resolution_reduction-25_percent.mp4","","","","",""
"hDkuUZ3F1GU","97","2864.410","2893.940","2864.175","2894.175","30.000","rebuffering","2s","2","media/hDkuUZ3F1GU/moment-097-reference.mp4","media/hDkuUZ3F1GU/moment-097-rebuffering-2s.mp4","","","","",""
"hDkuUZ3F1GU","97","2864.410","2893.940","2864.175","2894.175","30.000","rebuffering","5s","5","media/hDkuUZ3F1GU/moment-097-reference.mp4","media/hDkuUZ3F1GU/moment-097-rebuffering-5s.mp4","","","","",""
"hDkuUZ3F1GU","97","2864.410","2893.940","2864.175","2894.175","30.000","bitrate_reduction","50_percent","0.5","media/hDkuUZ3F1GU/moment-097-reference.mp4","media/hDkuUZ3F1GU/moment-097-bitrate_reduction-50_percent.mp4","","","","",""
"hDkuUZ3F1GU","97","2864.410","2893.940","2864.175","2894.175","30.000","bitrate_reduction","25_percent","0.75","media/hDkuUZ3F1GU/moment-097-reference.mp4","media/hDkuUZ3F1GU/moment-097-bitrate_reduction-25_percent.mp4","","","","",""
"hDkuUZ3F1GU","97","2864.410","2893.940","2864.175","2894.175","30.000","resolution_reduction","50_percent","0.5","media/hDkuUZ3F1GU/moment-097-reference.mp4","media/hDkuUZ3F1GU/moment-097-resolution_reduction-50_percent.mp4","","","","",""
"hDkuUZ3F1GU","97","2864.410","2893.940","2864.175","2894.175","30.000","resolution_reduction","25_percent","0.75","media/hDkuUZ3F1GU/moment-097-reference.mp4","media/hDkuUZ3F1GU/moment-097-resolution_reduction-25_percent.mp4","","","","",""
"hDkuUZ3F1GU","3","88.590","118.120","88.355","118.355","30.000","rebuffering","2s","2","media/hDkuUZ3F1GU/moment-003-reference.mp4","media/hDkuUZ3F1GU/moment-003-rebuffering-2s.mp4","","","","",""
"hDkuUZ3F1GU","3","88.590","118.120","88.355","118.355","30.000","rebuffering","5s","5","media/hDkuUZ3F1GU/moment-003-reference.mp4","media/hDkuUZ3F1GU/moment-003-rebuffering-5s.mp4","","","","",""
"hDkuUZ3F1GU","3","88.590","118.120","88.355","118.355","30.000","bitrate_reduction","50_percent","0.5","media/hDkuUZ3F1GU/moment-003-reference.mp4","media/hDkuUZ3F1GU/moment-003-bitrate_reduction-50_percent.mp4","","","","",""
"hDkuUZ3F1GU","3","88.590","118.120","88.355","118.355","30.000","bitrate_reduction","25_percent","0.75","media/hDkuUZ3F1GU/moment-003-reference.mp4","media/hDkuUZ3F1GU/moment-003-bitrate_reduction-25_percent.mp4","","","","",""
"hDkuUZ3F1GU","3","88.590","118.120","88.355","118.355","30.000","resolution_reduction","50_percent","0.5","media/hDkuUZ3F1GU/moment-003-reference.mp4","media/hDkuUZ3F1GU/moment-003-resolution_reduction-50_percent.mp4","","","","",""
"hDkuUZ3F1GU","3","88.590","118.120","88.355","118.355","30.000","resolution_reduction","25_percent","0.75","media/hDkuUZ3F1GU/moment-003-reference.mp4","media/hDkuUZ3F1GU/moment-003-resolution_reduction-25_percent.mp4","","","","",""
"hDkuUZ3F1GU","87","2569.110","2598.640","2568.875","2598.875","30.000","rebuffering","2s","2","media/hDkuUZ3F1GU/moment-087-reference.mp4","media/hDkuUZ3F1GU/moment-087-rebuffering-2s.mp4","","","","",""
"hDkuUZ3F1GU","87","2569.110","2598.640","2568.875","2598.875","30.000","rebuffering","5s","5","media/hDkuUZ3F1GU/moment-087-reference.mp4","media/hDkuUZ3F1GU/moment-087-rebuffering-5s.mp4","","","","",""
"hDkuUZ3F1GU","87","2569.110","2598.640","2568.875","2598.875","30.000","bitrate_reduction","50_percent","0.5","media/hDkuUZ3F1GU/moment-087-reference.mp4","media/hDkuUZ3F1GU/moment-087-bitrate_reduction-50_percent.mp4","","","","",""
"hDkuUZ3F1GU","87","2569.110","2598.640","2568.875","2598.875","30.000","bitrate_reduction","25_percent","0.75","media/hDkuUZ3F1GU/moment-087-reference.mp4","media/hDkuUZ3F1GU/moment-087-bitrate_reduction-25_percent.mp4","","","","",""
"hDkuUZ3F1GU","87","2569.110","2598.640","2568.875","2598.875","30.000","resolution_reduction","50_percent","0.5","media/hDkuUZ3F1GU/moment-087-reference.mp4","media/hDkuUZ3F1GU/moment-087-resolution_reduction-50_percent.mp4","","","","",""
"hDkuUZ3F1GU","87","2569.110","2598.640","2568.875","2598.875","30.000","resolution_reduction","25_percent","0.75","media/hDkuUZ3F1GU/moment-087-reference.mp4","media/hDkuUZ3F1GU/moment-087-resolution_reduction-25_percent.mp4","","","","",""
"tylNqtyj0gs","96","2407.680","2432.760","2405.220","2435.220","30.000","rebuffering","2s","2","media/tylNqtyj0gs/moment-096-reference.mp4","media/tylNqtyj0gs/moment-096-rebuffering-2s.mp4","","","","",""
"tylNqtyj0gs","96","2407.680","2432.760","2405.220","2435.220","30.000","rebuffering","5s","5","media/tylNqtyj0gs/moment-096-reference.mp4","media/tylNqtyj0gs/moment-096-rebuffering-5s.mp4","","","","",""
"tylNqtyj0gs","96","2407.680","2432.760","2405.220","2435.220","30.000","bitrate_reduction","50_percent","0.5","media/tylNqtyj0gs/moment-096-reference.mp4","media/tylNqtyj0gs/moment-096-bitrate_reduction-50_percent.mp4","","","","",""
"tylNqtyj0gs","96","2407.680","2432.760","2405.220","2435.220","30.000","bitrate_reduction","25_percent","0.75","media/tylNqtyj0gs/moment-096-reference.mp4","media/tylNqtyj0gs/moment-096-bitrate_reduction-25_percent.mp4","","","","",""
"tylNqtyj0gs","96","2407.680","2432.760","2405.220","2435.220","30.000","resolution_reduction","50_percent","0.5","media/tylNqtyj0gs/moment-096-reference.mp4","media/tylNqtyj0gs/moment-096-resolution_reduction-50_percent.mp4","","","","",""
"tylNqtyj0gs","96","2407.680","2432.760","2405.220","2435.220","30.000","resolution_reduction","25_percent","0.75","media/tylNqtyj0gs/moment-096-reference.mp4","media/tylNqtyj0gs/moment-096-resolution_reduction-25_percent.mp4","","","","",""
"tylNqtyj0gs","76","1906.080","1931.160","1903.620","1933.620","30.000","rebuffering","2s","2","media/tylNqtyj0gs/moment-076-reference.mp4","media/tylNqtyj0gs/moment-076-rebuffering-2s.mp4","","","","",""
"tylNqtyj0gs","76","1906.080","1931.160","1903.620","1933.620","30.000","rebuffering","5s","5","media/tylNqtyj0gs/moment-076-reference.mp4","media/tylNqtyj0gs/moment-076-rebuffering-5s.mp4","","","","",""
"tylNqtyj0gs","76","1906.080","1931.160","1903.620","1933.620","30.000","bitrate_reduction","50_percent","0.5","media/tylNqtyj0gs/moment-076-reference.mp4","media/tylNqtyj0gs/moment-076-bitrate_reduction-50_percent.mp4","","","","",""
"tylNqtyj0gs","76","1906.080","1931.160","1903.620","1933.620","30.000","bitrate_reduction","25_percent","0.75","media/tylNqtyj0gs/moment-076-reference.mp4","media/tylNqtyj0gs/moment-076-bitrate_reduction-25_percent.mp4","","","","",""
"tylNqtyj0gs","76","1906.080","1931.160","1903.620","1933.620","30.000","resolution_reduction","50_percent","0.5","media/tylNqtyj0gs/moment-076-reference.mp4","media/tylNqtyj0gs/moment-076-resolution_reduction-50_percent.mp4","","","","",""
"tylNqtyj0gs","76","1906.080","1931.160","1903.620","1933.620","30.000","resolution_reduction","25_percent","0.75","media/tylNqtyj0gs/moment-076-reference.mp4","media/tylNqtyj0gs/moment-076-resolution_reduction-25_percent.mp4","","","","",""
"tylNqtyj0gs","81","2031.480","2056.560","2029.020","2059.020","30.000","rebuffering","2s","2","media/tylNqtyj0gs/moment-081-reference.mp4","media/tylNqtyj0gs/moment-081-rebuffering-2s.mp4","","","","",""
"tylNqtyj0gs","81","2031.480","2056.560","2029.020","2059.020","30.000","rebuffering","5s","5","media/tylNqtyj0gs/moment-081-reference.mp4","media/tylNqtyj0gs/moment-081-rebuffering-5s.mp4","","","","",""
"tylNqtyj0gs","81","2031.480","2056.560","2029.020","2059.020","30.000","bitrate_reduction","50_percent","0.5","media/tylNqtyj0gs/moment-081-reference.mp4","media/tylNqtyj0gs/moment-081-bitrate_reduction-50_percent.mp4","","","","",""
"tylNqtyj0gs","81","2031.480","2056.560","2029.020","2059.020","30.000","bitrate_reduction","25_percent","0.75","media/tylNqtyj0gs/moment-081-reference.mp4","media/tylNqtyj0gs/moment-081-bitrate_reduction-25_percent.mp4","","","","",""
"tylNqtyj0gs","81","2031.480","2056.560","2029.020","2059.020","30.000","resolution_reduction","50_percent","0.5","media/tylNqtyj0gs/moment-081-reference.mp4","media/tylNqtyj0gs/moment-081-resolution_reduction-50_percent.mp4","","","","",""
"tylNqtyj0gs","81","2031.480","2056.560","2029.020","2059.020","30.000","resolution_reduction","25_percent","0.75","media/tylNqtyj0gs/moment-081-reference.mp4","media/tylNqtyj0gs/moment-081-resolution_reduction-25_percent.mp4","","","","",""
"tylNqtyj0gs","40","1003.200","1028.280","1000.740","1030.740","30.000","rebuffering","2s","2","media/tylNqtyj0gs/moment-040-reference.mp4","media/tylNqtyj0gs/moment-040-rebuffering-2s.mp4","","","","",""
"tylNqtyj0gs","40","1003.200","1028.280","1000.740","1030.740","30.000","rebuffering","5s","5","media/tylNqtyj0gs/moment-040-reference.mp4","media/tylNqtyj0gs/moment-040-rebuffering-5s.mp4","","","","",""
"tylNqtyj0gs","40","1003.200","1028.280","1000.740","1030.740","30.000","bitrate_reduction","50_percent","0.5","media/tylNqtyj0gs/moment-040-reference.mp4","media/tylNqtyj0gs/moment-040-bitrate_reduction-50_percent.mp4","","","","",""
"tylNqtyj0gs","40","1003.200","1028.280","1000.740","1030.740","30.000","bitrate_reduction","25_percent","0.75","media/tylNqtyj0gs/moment-040-reference.mp4","media/tylNqtyj0gs/moment-040-bitrate_reduction-25_percent.mp4","","","","",""
"tylNqtyj0gs","40","1003.200","1028.280","1000.740","1030.740","30.000","resolution_reduction","50_percent","0.5","media/tylNqtyj0gs/moment-040-reference.mp4","media/tylNqtyj0gs/moment-040-resolution_reduction-50_percent.mp4","","","","",""
"tylNqtyj0gs","40","1003.200","1028.280","1000.740","1030.740","30.000","resolution_reduction","25_percent","0.75","media/tylNqtyj0gs/moment-040-reference.mp4","media/tylNqtyj0gs/moment-040-resolution_reduction-25_percent.mp4","","","","",""
"BF2TZq-ntRQ","75","558.750","566.200","547.475","577.475","30.000","rebuffering","2s","2","media/BF2TZq-ntRQ/moment-075-reference.mp4","media/BF2TZq-ntRQ/moment-075-rebuffering-2s.mp4","","","","",""
"BF2TZq-ntRQ","75","558.750","566.200","547.475","577.475","30.000","rebuffering","5s","5","media/BF2TZq-ntRQ/moment-075-reference.mp4","media/BF2TZq-ntRQ/moment-075-rebuffering-5s.mp4","","","","",""
"BF2TZq-ntRQ","75","558.750","566.200","547.475","577.475","30.000","bitrate_reduction","50_percent","0.5","media/BF2TZq-ntRQ/moment-075-reference.mp4","media/BF2TZq-ntRQ/moment-075-bitrate_reduction-50_percent.mp4","","","","",""
"BF2TZq-ntRQ","75","558.750","566.200","547.475","577.475","30.000","bitrate_reduction","25_percent","0.75","media/BF2TZq-ntRQ/moment-075-reference.mp4","media/BF2TZq-ntRQ/moment-075-bitrate_reduction-25_percent.mp4","","","","",""
"BF2TZq-ntRQ","75","558.750","566.200","547.475","577.475","30.000","resolution_reduction","50_percent","0.5","media/BF2TZq-ntRQ/moment-075-reference.mp4","media/BF2TZq-ntRQ/moment-075-resolution_reduction-50_percent.mp4","","","","",""
"BF2TZq-ntRQ","75","558.750","566.200","547.475","577.475","30.000","resolution_reduction","25_percent","0.75","media/BF2TZq-ntRQ/moment-075-reference.mp4","media/BF2TZq-ntRQ/moment-075-resolution_reduction-25_percent.mp4","","","","",""
"BF2TZq-ntRQ","66","491.700","499.150","480.425","510.425","30.000","rebuffering","2s","2","media/BF2TZq-ntRQ/moment-066-reference.mp4","media/BF2TZq-ntRQ/moment-066-rebuffering-2s.mp4","","","","",""
"BF2TZq-ntRQ","66","491.700","499.150","480.425","510.425","30.000","rebuffering","5s","5","media/BF2TZq-ntRQ/moment-066-reference.mp4","media/BF2TZq-ntRQ/moment-066-rebuffering-5s.mp4","","","","",""
"BF2TZq-ntRQ","66","491.700","499.150","480.425","510.425","30.000","bitrate_reduction","50_percent","0.5","media/BF2TZq-ntRQ/moment-066-reference.mp4","media/BF2TZq-ntRQ/moment-066-bitrate_reduction-50_percent.mp4","","","","",""
"BF2TZq-ntRQ","66","491.700","499.150","480.425","510.425","30.000","bitrate_reduction","25_percent","0.75","media/BF2TZq-ntRQ/moment-066-reference.mp4","media/BF2TZq-ntRQ/moment-066-bitrate_reduction-25_percent.mp4","","","","",""
"BF2TZq-ntRQ","66","491.700","499.150","480.425","510.425","30.000","resolution_reduction","50_percent","0.5","media/BF2TZq-ntRQ/moment-066-reference.mp4","media/BF2TZq-ntRQ/moment-066-resolution_reduction-50_percent.mp4","","","","",""
"BF2TZq-ntRQ","66","491.700","499.150","480.425","510.425","30.000","resolution_reduction","25_percent","0.75","media/BF2TZq-ntRQ/moment-066-reference.mp4","media/BF2TZq-ntRQ/moment-066-resolution_reduction-25_percent.mp4","","","","",""
"BF2TZq-ntRQ","98","730.100","737.550","715.000","745.000","30.000","rebuffering","2s","2","media/BF2TZq-ntRQ/moment-098-reference.mp4","media/BF2TZq-ntRQ/moment-098-rebuffering-2s.mp4","","","","",""
"BF2TZq-ntRQ","98","730.100","737.550","715.000","745.000","30.000","rebuffering","5s","5","media/BF2TZq-ntRQ/moment-098-reference.mp4","media/BF2TZq-ntRQ/moment-098-rebuffering-5s.mp4","","","","",""
"BF2TZq-ntRQ","98","730.100","737.550","715.000","745.000","30.000","bitrate_reduction","50_percent","0.5","media/BF2TZq-ntRQ/moment-098-reference.mp4","media/BF2TZq-ntRQ/moment-098-bitrate_reduction-50_percent.mp4","","","","",""
"BF2TZq-ntRQ","98","730.100","737.550","715.000","745.000","30.000","bitrate_reduction","25_percent","0.75","media/BF2TZq-ntRQ/moment-098-reference.mp4","media/BF2TZq-ntRQ/moment-098-bitrate_reduction-25_percent.mp4","","","","",""
"BF2TZq-ntRQ","98","730.100","737.550","715.000","745.000","30.000","resolution_reduction","50_percent","0.5","media/BF2TZq-ntRQ/moment-098-reference.mp4","media/BF2TZq-ntRQ/moment-098-resolution_reduction-50_percent.mp4","","","","",""
"BF2TZq-ntRQ","98","730.100","737.550","715.000","745.000","30.000","resolution_reduction","25_percent","0.75","media/BF2TZq-ntRQ/moment-098-reference.mp4","media/BF2TZq-ntRQ/moment-098-resolution_reduction-25_percent.mp4","","","","",""
"BF2TZq-ntRQ","54","402.300","409.750","391.025","421.025","30.000","rebuffering","2s","2","media/BF2TZq-ntRQ/moment-054-reference.mp4","media/BF2TZq-ntRQ/moment-054-rebuffering-2s.mp4","","","","",""
"BF2TZq-ntRQ","54","402.300","409.750","391.025","421.025","30.000","rebuffering","5s","5","media/BF2TZq-ntRQ/moment-054-reference.mp4","media/BF2TZq-ntRQ/moment-054-rebuffering-5s.mp4","","","","",""
"BF2TZq-ntRQ","54","402.300","409.750","391.025","421.025","30.000","bitrate_reduction","50_percent","0.5","media/BF2TZq-ntRQ/moment-054-reference.mp4","media/BF2TZq-ntRQ/moment-054-bitrate_reduction-50_percent.mp4","","","","",""
"BF2TZq-ntRQ","54","402.300","409.750","391.025","421.025","30.000","bitrate_reduction","25_percent","0.75","media/BF2TZq-ntRQ/moment-054-reference.mp4","media/BF2TZq-ntRQ/moment-054-bitrate_reduction-25_percent.mp4","","","","",""
"BF2TZq-ntRQ","54","402.300","409.750","391.025","421.025","30.000","resolution_reduction","50_percent","0.5","media/BF2TZq-ntRQ/moment-054-reference.mp4","media/BF2TZq-ntRQ/moment-054-resolution_reduction-50_percent.mp4","","","","",""
"BF2TZq-ntRQ","54","402.300","409.750","391.025","421.025","30.000","resolution_reduction","25_percent","0.75","media/BF2TZq-ntRQ/moment-054-reference.mp4","media/BF2TZq-ntRQ/moment-054-resolution_reduction-25_percent.mp4","","","","",""
"w2itwFJCgFQ","64","620.160","629.850","610.005","640.005","30.000","rebuffering","2s","2","media/w2itwFJCgFQ/moment-064-reference.mp4","media/w2itwFJCgFQ/moment-064-rebuffering-2s.mp4","","","","",""
"w2itwFJCgFQ","64","620.160","629.850","610.005","640.005","30.000","rebuffering","5s","5","media/w2itwFJCgFQ/moment-064-reference.mp4","media/w2itwFJCgFQ/moment-064-rebuffering-5s.mp4","","","","",""
"w2itwFJCgFQ","64","620.160","629.850","610.005","640.005","30.000","bitrate_reduction","50_percent","0.5","media/w2itwFJCgFQ/moment-064-reference.mp4","media/w2itwFJCgFQ/moment-064-bitrate_reduction-50_percent.mp4","","","","",""
"w2itwFJCgFQ","64","620.160","629.850","610.005","640.005","30.000","bitrate_reduction","25_percent","0.75","media/w2itwFJCgFQ/moment-064-reference.mp4","media/w2itwFJCgFQ/moment-064-bitrate_reduction-25_percent.mp4","","","","",""
"w2itwFJCgFQ","64","620.160","629.850","610.005","640.005","30.000","resolution_reduction","50_percent","0.5","media/w2itwFJCgFQ/moment-064-reference.mp4","media/w2itwFJCgFQ/moment-064-resolution_reduction-50_percent.mp4","","","","",""
"w2itwFJCgFQ","64","620.160","629.850","610.005","640.005","30.000","resolution_reduction","25_percent","0.75","media/w2itwFJCgFQ/moment-064-reference.mp4","media/w2itwFJCgFQ/moment-064-resolution_reduction-25_percent.mp4","","","","",""
"w2itwFJCgFQ","34","329.460","339.150","319.305","349.305","30.000","rebuffering","2s","2","media/w2itwFJCgFQ/moment-034-reference.mp4","media/w2itwFJCgFQ/moment-034-rebuffering-2s.mp4","","","","",""
"w2itwFJCgFQ","34","329.460","339.150","319.305","349.305","30.000","rebuffering","5s","5","media/w2itwFJCgFQ/moment-034-reference.mp4","media/w2itwFJCgFQ/moment-034-rebuffering-5s.mp4","","","","",""
"w2itwFJCgFQ","34","329.460","339.150","319.305","349.305","30.000","bitrate_reduction","50_percent","0.5","media/w2itwFJCgFQ/moment-034-reference.mp4","media/w2itwFJCgFQ/moment-034-bitrate_reduction-50_percent.mp4","","","","",""
"w2itwFJCgFQ","34","329.460","339.150","319.305","349.305","30.000","bitrate_reduction","25_percent","0.75","media/w2itwFJCgFQ/moment-034-reference.mp4","media/w2itwFJCgFQ/moment-034-bitrate_reduction-25_percent.mp4","","","","",""
"w2itwFJCgFQ","34","329.460","339.150","319.305","349.305","30.000","resolution_reduction","50_percent","0.5","media/w2itwFJCgFQ/moment-034-reference.mp4","media/w2itwFJCgFQ/moment-034-resolution_reduction-50_percent.mp4","","","","",""
"w2itwFJCgFQ","34","329.460","339.150","319.305","349.305","30.000","resolution_reduction","25_percent","0.75","media/w2itwFJCgFQ/moment-034-reference.mp4","media/w2itwFJCgFQ/moment-034-resolution_reduction-25_percent.mp4","","","","",""
"w2itwFJCgFQ","78","755.820","765.510","745.665","775.665","30.000","rebuffering","2s","2","media/w2itwFJCgFQ/moment-078-reference.mp4","media/w2itwFJCgFQ/moment-078-rebuffering-2s.mp4","","","","",""
"w2itwFJCgFQ","78","755.820","765.510","745.665","775.665","30.000","rebuffering","5s","5","media/w2itwFJCgFQ/moment-078-reference.mp4","media/w2itwFJCgFQ/moment-078-rebuffering-5s.mp4","","","","",""
"w2itwFJCgFQ","78","755.820","765.510","745.665","775.665","30.000","bitrate_reduction","50_percent","0.5","media/w2itwFJCgFQ/moment-078-reference.mp4","media/w2itwFJCgFQ/moment-078-bitrate_reduction-50_percent.mp4","","","","",""
"w2itwFJCgFQ","78","755.820","765.510","745.665","775.665","30.000","bitrate_reduction","25_percent","0.75","media/w2itwFJCgFQ/moment-078-reference.mp4","media/w2itwFJCgFQ/moment-078-bitrate_reduction-25_percent.mp4","","","","",""
"w2itwFJCgFQ","78","755.820","765.510","745.665","775.665","30.000","resolution_reduction","50_percent","0.5","media/w2itwFJCgFQ/moment-078-reference.mp4","media/w2itwFJCgFQ/moment-078-resolution_reduction-50_percent.mp4","","","","",""
"w2itwFJCgFQ","78","755.820","765.510","745.665","775.665","30.000","resolution_reduction","25_percent","0.75","media/w2itwFJCgFQ/moment-078-reference.mp4","media/w2itwFJCgFQ/moment-078-resolution_reduction-25_percent.mp4","","","","",""
"w2itwFJCgFQ","83","804.270","813.960","794.115","824.115","30.000","rebuffering","2s","2","media/w2itwFJCgFQ/moment-083-reference.mp4","media/w2itwFJCgFQ/moment-083-rebuffering-2s.mp4","","","","",""
"w2itwFJCgFQ","83","804.270","813.960","794.115","824.115","30.000","rebuffering","5s","5","media/w2itwFJCgFQ/moment-083-reference.mp4","media/w2itwFJCgFQ/moment-083-rebuffering-5s.mp4","","","","",""
"w2itwFJCgFQ","83","804.270","813.960","794.115","824.115","30.000","bitrate_reduction","50_percent","0.5","media/w2itwFJCgFQ/moment-083-reference.mp4","media/w2itwFJCgFQ/moment-083-bitrate_reduction-50_percent.mp4","","","","",""
"w2itwFJCgFQ","83","804.270","813.960","794.115","824.115","30.000","bitrate_reduction","25_percent","0.75","media/w2itwFJCgFQ/moment-083-reference.mp4","media/w2itwFJCgFQ/moment-083-bitrate_reduction-25_percent.mp4","","","","",""
"w2itwFJCgFQ","83","804.270","813.960","794.115","824.115","30.000","resolution_reduction","50_percent","0.5","media/w2itwFJCgFQ/moment-083-reference.mp4","media/w2itwFJCgFQ/moment-083-resolution_reduction-50_percent.mp4","","","","",""
"w2itwFJCgFQ","83","804.270","813.960","794.115","824.115","30.000","resolution_reduction","25_percent","0.75","media/w2itwFJCgFQ/moment-083-reference.mp4","media/w2itwFJCgFQ/moment-083-resolution_reduction-25_percent.mp4","","","","",""
"094y1Z2wpJg","56","744.240","757.530","735.885","765.885","30.000","rebuffering","2s","2","media/094y1Z2wpJg/moment-056-reference.mp4","media/094y1Z2wpJg/moment-056-rebuffering-2s.mp4","","","","",""
"094y1Z2wpJg","56","744.240","757.530","735.885","765.885","30.000","rebuffering","5s","5","media/094y1Z2wpJg/moment-056-reference.mp4","media/094y1Z2wpJg/moment-056-rebuffering-5s.mp4","","","","",""
"094y1Z2wpJg","56","744.240","757.530","735.885","765.885","30.000","bitrate_reduction","50_percent","0.5","media/094y1Z2wpJg/moment-056-reference.mp4","media/094y1Z2wpJg/moment-056-bitrate_reduction-50_percent.mp4","","","","",""
"094y1Z2wpJg","56","744.240","757.530","735.885","765.885","30.000","bitrate_reduction","25_percent","0.75","media/094y1Z2wpJg/moment-056-reference.mp4","media/094y1Z2wpJg/moment-056-bitrate_reduction-25_percent.mp4","","","","",""
"094y1Z2wpJg","56","744.240","757.530","735.885","765.885","30.000","resolution_reduction","50_percent","0.5","media/094y1Z2wpJg/moment-056-reference.mp4","media/094y1Z2wpJg/moment-056-resolution_reduction-50_percent.mp4","","","","",""
"094y1Z2wpJg","56","744.240","757.530","735.885","765.885","30.000","resolution_reduction","25_percent","0.75","media/094y1Z2wpJg/moment-056-reference.mp4","media/094y1Z2wpJg/moment-056-resolution_reduction-25_percent.mp4","","","","",""
"094y1Z2wpJg","99","1315.710","1329.000","1299.000","1329.000","30.000","rebuffering","2s","2","media/094y1Z2wpJg/moment-099-reference.mp4","media/094y1Z2wpJg/moment-099-rebuffering-2s.mp4","","","","",""
"094y1Z2wpJg","99","1315.710","1329.000","1299.000","1329.000","30.000","rebuffering","5s","5","media/094y1Z2wpJg/moment-099-reference.mp4","media/094y1Z2wpJg/moment-099-rebuffering-5s.mp4","","","","",""
"094y1Z2wpJg","99","1315.710","1329.000","1299.000","1329.000","30.000","bitrate_reduction","50_percent","0.5","media/094y1Z2wpJg/moment-099-reference.mp4","media/094y1Z2wpJg/moment-099-bitrate_reduction-50_percent.mp4","","","","",""
"094y1Z2wpJg","99","1315.710","1329.000","1299.000","1329.000","30.000","bitrate_reduction","25_percent","0.75","media/094y1Z2wpJg/moment-099-reference.mp4","media/094y1Z2wpJg/moment-099-bitrate_reduction-25_percent.mp4","","","","",""
"094y1Z2wpJg","99","1315.710","1329.000","1299.000","1329.000","30.000","resolution_reduction","50_percent","0.5","media/094y1Z2wpJg/moment-099-reference.mp4","media/094y1Z2wpJg/moment-099-resolution_reduction-50_percent.mp4","","","","",""
"094y1Z2wpJg","99","1315.710","1329.000","1299.000","1329.000","30.000","resolution_reduction","25_percent","0.75","media/094y1Z2wpJg/moment-099-reference.mp4","media/094y1Z2wpJg/moment-099-resolution_reduction-25_percent.mp4","","","","",""
"094y1Z2wpJg","77","1023.330","1036.620","1014.975","1044.975","30.000","rebuffering","2s","2","media/094y1Z2wpJg/moment-077-reference.mp4","media/094y1Z2wpJg/moment-077-rebuffering-2s.mp4","","","","",""
"094y1Z2wpJg","77","1023.330","1036.620","1014.975","1044.975","30.000","rebuffering","5s","5","media/094y1Z2wpJg/moment-077-reference.mp4","media/094y1Z2wpJg/moment-077-rebuffering-5s.mp4","","","","",""
"094y1Z2wpJg","77","1023.330","1036.620","1014.975","1044.975","30.000","bitrate_reduction","50_percent","0.5","media/094y1Z2wpJg/moment-077-reference.mp4","media/094y1Z2wpJg/moment-077-bitrate_reduction-50_percent.mp4","","","","",""
"094y1Z2wpJg","77","1023.330","1036.620","1014.975","1044.975","30.000","bitrate_reduction","25_percent","0.75","media/094y1Z2wpJg/moment-077-reference.mp4","media/094y1Z2wpJg/moment-077-bitrate_reduction-25_percent.mp4","","","","",""
"094y1Z2wpJg","77","1023.330","1036.620","1014.975","1044.975","30.000","resolution_reduction","50_percent","0.5","media/094y1Z2wpJg/moment-077-reference.mp4","media/094y1Z2wpJg/moment-077-resolution_reduction-50_percent.mp4","","","","",""
"094y1Z2wpJg","77","1023.330","1036.620","1014.975","1044.975","30.000","resolution_reduction","25_percent","0.75","media/094y1Z2wpJg/moment-077-reference.mp4","media/094y1Z2wpJg/moment-077-resolution_reduction-25_percent.mp4","","","","",""
"094y1Z2wpJg","94","1249.260","1262.550","1240.905","1270.905","30.000","rebuffering","2s","2","media/094y1Z2wpJg/moment-094-reference.mp4","media/094y1Z2wpJg/moment-094-rebuffering-2s.mp4","","","","",""
"094y1Z2wpJg","94","1249.260","1262.550","1240.905","1270.905","30.000","rebuffering","5s","5","media/094y1Z2wpJg/moment-094-reference.mp4","media/094y1Z2wpJg/moment-094-rebuffering-5s.mp4","","","","",""
"094y1Z2wpJg","94","1249.260","1262.550","1240.905","1270.905","30.000","bitrate_reduction","50_percent","0.5","media/094y1Z2wpJg/moment-094-reference.mp4","media/094y1Z2wpJg/moment-094-bitrate_reduction-50_percent.mp4","","","","",""
"094y1Z2wpJg","94","1249.260","1262.550","1240.905","1270.905","30.000","bitrate_reduction","25_percent","0.75","media/094y1Z2wpJg/moment-094-reference.mp4","media/094y1Z2wpJg/moment-094-bitrate_reduction-25_percent.mp4","","","","",""
"094y1Z2wpJg","94","1249.260","1262.550","1240.905","1270.905","30.000","resolution_reduction","50_percent","0.5","media/094y1Z2wpJg/moment-094-reference.mp4","media/094y1Z2wpJg/moment-094-resolution_reduction-50_percent.mp4","","","","",""
"094y1Z2wpJg","94","1249.260","1262.550","1240.905","1270.905","30.000","resolution_reduction","25_percent","0.75","media/094y1Z2wpJg/moment-094-reference.mp4","media/094y1Z2wpJg/moment-094-resolution_reduction-25_percent.mp4","","","","",""
"arj7oStGLkU","17","143.480","151.920","132.700","162.700","30.000","rebuffering","2s","2","media/arj7oStGLkU/moment-017-reference.mp4","media/arj7oStGLkU/moment-017-rebuffering-2s.mp4","","","","",""
"arj7oStGLkU","17","143.480","151.920","132.700","162.700","30.000","rebuffering","5s","5","media/arj7oStGLkU/moment-017-reference.mp4","media/arj7oStGLkU/moment-017-rebuffering-5s.mp4","","","","",""
"arj7oStGLkU","17","143.480","151.920","132.700","162.700","30.000","bitrate_reduction","50_percent","0.5","media/arj7oStGLkU/moment-017-reference.mp4","media/arj7oStGLkU/moment-017-bitrate_reduction-50_percent.mp4","","","","",""
"arj7oStGLkU","17","143.480","151.920","132.700","162.700","30.000","bitrate_reduction","25_percent","0.75","media/arj7oStGLkU/moment-017-reference.mp4","media/arj7oStGLkU/moment-017-bitrate_reduction-25_percent.mp4","","","","",""
"arj7oStGLkU","17","143.480","151.920","132.700","162.700","30.000","resolution_reduction","50_percent","0.5","media/arj7oStGLkU/moment-017-reference.mp4","media/arj7oStGLkU/moment-017-resolution_reduction-50_percent.mp4","","","","",""
"arj7oStGLkU","17","143.480","151.920","132.700","162.700","30.000","resolution_reduction","25_percent","0.75","media/arj7oStGLkU/moment-017-reference.mp4","media/arj7oStGLkU/moment-017-resolution_reduction-25_percent.mp4","","","","",""
"arj7oStGLkU","96","810.240","818.680","799.460","829.460","30.000","rebuffering","2s","2","media/arj7oStGLkU/moment-096-reference.mp4","media/arj7oStGLkU/moment-096-rebuffering-2s.mp4","","","","",""
"arj7oStGLkU","96","810.240","818.680","799.460","829.460","30.000","rebuffering","5s","5","media/arj7oStGLkU/moment-096-reference.mp4","media/arj7oStGLkU/moment-096-rebuffering-5s.mp4","","","","",""
"arj7oStGLkU","96","810.240","818.680","799.460","829.460","30.000","bitrate_reduction","50_percent","0.5","media/arj7oStGLkU/moment-096-reference.mp4","media/arj7oStGLkU/moment-096-bitrate_reduction-50_percent.mp4","","","","",""
"arj7oStGLkU","96","810.240","818.680","799.460","829.460","30.000","bitrate_reduction","25_percent","0.75","media/arj7oStGLkU/moment-096-reference.mp4","media/arj7oStGLkU/moment-096-bitrate_reduction-25_percent.mp4","","","","",""
"arj7oStGLkU","96","810.240","818.680","799.460","829.460","30.000","resolution_reduction","50_percent","0.5","media/arj7oStGLkU/moment-096-reference.mp4","media/arj7oStGLkU/moment-096-resolution_reduction-50_percent.mp4","","","","",""
"arj7oStGLkU","96","810.240","818.680","799.460","829.460","30.000","resolution_reduction","25_percent","0.75","media/arj7oStGLkU/moment-096-reference.mp4","media/arj7oStGLkU/moment-096-resolution_reduction-25_percent.mp4","","","","",""
"arj7oStGLkU","11","92.840","101.280","82.060","112.060","30.000","rebuffering","2s","2","media/arj7oStGLkU/moment-011-reference.mp4","media/arj7oStGLkU/moment-011-rebuffering-2s.mp4","","","","",""
"arj7oStGLkU","11","92.840","101.280","82.060","112.060","30.000","rebuffering","5s","5","media/arj7oStGLkU/moment-011-reference.mp4","media/arj7oStGLkU/moment-011-rebuffering-5s.mp4","","","","",""
"arj7oStGLkU","11","92.840","101.280","82.060","112.060","30.000","bitrate_reduction","50_percent","0.5","media/arj7oStGLkU/moment-011-reference.mp4","media/arj7oStGLkU/moment-011-bitrate_reduction-50_percent.mp4","","","","",""
"arj7oStGLkU","11","92.840","101.280","82.060","112.060","30.000","bitrate_reduction","25_percent","0.75","media/arj7oStGLkU/moment-011-reference.mp4","media/arj7oStGLkU/moment-011-bitrate_reduction-25_percent.mp4","","","","",""
"arj7oStGLkU","11","92.840","101.280","82.060","112.060","30.000","resolution_reduction","50_percent","0.5","media/arj7oStGLkU/moment-011-reference.mp4","media/arj7oStGLkU/moment-011-resolution_reduction-50_percent.mp4","","","","",""
"arj7oStGLkU","11","92.840","101.280","82.060","112.060","30.000","resolution_reduction","25_percent","0.75","media/arj7oStGLkU/moment-011-reference.mp4","media/arj7oStGLkU/moment-011-resolution_reduction-25_percent.mp4","","","","",""
"arj7oStGLkU","70","590.800","599.240","580.020","610.020","30.000","rebuffering","2s","2","media/arj7oStGLkU/moment-070-reference.mp4","media/arj7oStGLkU/moment-070-rebuffering-2s.mp4","","","","",""
"arj7oStGLkU","70","590.800","599.240","580.020","610.020","30.000","rebuffering","5s","5","media/arj7oStGLkU/moment-070-reference.mp4","media/arj7oStGLkU/moment-070-rebuffering-5s.mp4","","","","",""
"arj7oStGLkU","70","590.800","599.240","580.020","610.020","30.000","bitrate_reduction","50_percent","0.5","media/arj7oStGLkU/moment-070-reference.mp4","media/arj7oStGLkU/moment-070-bitrate_reduction-50_percent.mp4","","","","",""
"arj7oStGLkU","70","590.800","599.240","580.020","610.020","30.000","bitrate_reduction","25_percent","0.75","media/arj7oStGLkU/moment-070-reference.mp4","media/arj7oStGLkU/moment-070-bitrate_reduction-25_percent.mp4","","","","",""
"arj7oStGLkU","70","590.800","599.240","580.020","610.020","30.000","resolution_reduction","50_percent","0.5","media/arj7oStGLkU/moment-070-reference.mp4","media/arj7oStGLkU/moment-070-resolution_reduction-50_percent.mp4","","","","",""
"arj7oStGLkU","70","590.800","599.240","580.020","610.020","30.000","resolution_reduction","25_percent","0.75","media/arj7oStGLkU/moment-070-reference.mp4","media/arj7oStGLkU/moment-070-resolution_reduction-25_percent.mp4","","","","",""
"doNKdpo1vF8","99","297.990","301.000","271.000","301.000","30.000","rebuffering","2s","2","media/doNKdpo1vF8/moment-099-reference.mp4","media/doNKdpo1vF8/moment-099-rebuffering-2s.mp4","","","","",""
"doNKdpo1vF8","99","297.990","301.000","271.000","301.000","30.000","rebuffering","5s","5","media/doNKdpo1vF8/moment-099-reference.mp4","media/doNKdpo1vF8/moment-099-rebuffering-5s.mp4","","","","",""
"doNKdpo1vF8","99","297.990","301.000","271.000","301.000","30.000","bitrate_reduction","50_percent","0.5","media/doNKdpo1vF8/moment-099-reference.mp4","media/doNKdpo1vF8/moment-099-bitrate_reduction-50_percent.mp4","","","","",""
"doNKdpo1vF8","99","297.990","301.000","271.000","301.000","30.000","bitrate_reduction","25_percent","0.75","media/doNKdpo1vF8/moment-099-reference.mp4","media/doNKdpo1vF8/moment-099-bitrate_reduction-25_percent.mp4","","","","",""
"doNKdpo1vF8","99","297.990","301.000","271.000","301.000","30.000","resolution_reduction","50_percent","0.5","media/doNKdpo1vF8/moment-099-reference.mp4","media/doNKdpo1vF8/moment-099-resolution_reduction-50_percent.mp4","","","","",""
"doNKdpo1vF8","99","297.990","301.000","271.000","301.000","30.000","resolution_reduction","25_percent","0.75","media/doNKdpo1vF8/moment-099-reference.mp4","media/doNKdpo1vF8/moment-099-resolution_reduction-25_percent.mp4","","","","",""
"doNKdpo1vF8","37","111.370","114.380","97.875","127.875","30.000","rebuffering","2s","2","media/doNKdpo1vF8/moment-037-reference.mp4","media/doNKdpo1vF8/moment-037-rebuffering-2s.mp4","","","","",""
"doNKdpo1vF8","37","111.370","114.380","97.875","127.875","30.000","rebuffering","5s","5","media/doNKdpo1vF8/moment-037-reference.mp4","media/doNKdpo1vF8/moment-037-rebuffering-5s.mp4","","","","",""
"doNKdpo1vF8","37","111.370","114.380","97.875","127.875","30.000","bitrate_reduction","50_percent","0.5","media/doNKdpo1vF8/moment-037-reference.mp4","media/doNKdpo1vF8/moment-037-bitrate_reduction-50_percent.mp4","","","","",""
"doNKdpo1vF8","37","111.370","114.380","97.875","127.875","30.000","bitrate_reduction","25_percent","0.75","media/doNKdpo1vF8/moment-037-reference.mp4","media/doNKdpo1vF8/moment-037-bitrate_reduction-25_percent.mp4","","","","",""
"doNKdpo1vF8","37","111.370","114.380","97.875","127.875","30.000","resolution_reduction","50_percent","0.5","media/doNKdpo1vF8/moment-037-reference.mp4","media/doNKdpo1vF8/moment-037-resolution_reduction-50_percent.mp4","","","","",""
"doNKdpo1vF8","37","111.370","114.380","97.875","127.875","30.000","resolution_reduction","25_percent","0.75","media/doNKdpo1vF8/moment-037-reference.mp4","media/doNKdpo1vF8/moment-037-resolution_reduction-25_percent.mp4","","","","",""
"doNKdpo1vF8","94","282.940","285.950","269.445","299.445","30.000","rebuffering","2s","2","media/doNKdpo1vF8/moment-094-reference.mp4","media/doNKdpo1vF8/moment-094-rebuffering-2s.mp4","","","","",""
"doNKdpo1vF8","94","282.940","285.950","269.445","299.445","30.000","rebuffering","5s","5","media/doNKdpo1vF8/moment-094-reference.mp4","media/doNKdpo1vF8/moment-094-rebuffering-5s.mp4","","","","",""
"doNKdpo1vF8","94","282.940","285.950","269.445","299.445","30.000","bitrate_reduction","50_percent","0.5","media/doNKdpo1vF8/moment-094-reference.mp4","media/doNKdpo1vF8/moment-094-bitrate_reduction-50_percent.mp4","","","","",""
"doNKdpo1vF8","94","282.940","285.950","269.445","299.445","30.000","bitrate_reduction","25_percent","0.75","media/doNKdpo1vF8/moment-094-reference.mp4","media/doNKdpo1vF8/moment-094-bitrate_reduction-25_percent.mp4","","","","",""
"doNKdpo1vF8","94","282.940","285.950","269.445","299.445","30.000","resolution_reduction","50_percent","0.5","media/doNKdpo1vF8/moment-094-reference.mp4","media/doNKdpo1vF8/moment-094-resolution_reduction-50_percent.mp4","","","","",""
"doNKdpo1vF8","94","282.940","285.950","269.445","299.445","30.000","resolution_reduction","25_percent","0.75","media/doNKdpo1vF8/moment-094-reference.mp4","media/doNKdpo1vF8/moment-094-resolution_reduction-25_percent.mp4","","","","",""
"doNKdpo1vF8","88","264.880","267.890","251.385","281.385","30.000","rebuffering","2s","2","media/doNKdpo1vF8/moment-088-reference.mp4","media/doNKdpo1vF8/moment-088-rebuffering-2s.mp4","","","","",""
"doNKdpo1vF8","88","264.880","267.890","251.385","281.385","30.000","rebuffering","5s","5","media/doNKdpo1vF8/moment-088-reference.mp4","media/doNKdpo1vF8/moment-088-rebuffering-5s.mp4","","","","",""
"doNKdpo1vF8","88","264.880","267.890","251.385","281.385","30.000","bitrate_reduction","50_percent","0.5","media/doNKdpo1vF8/moment-088-reference.mp4","media/doNKdpo1vF8/moment-088-bitrate_reduction-50_percent.mp4","","","","",""
"doNKdpo1vF8","88","264.880","267.890","251.385","281.385","30.000","bitrate_reduction","25_percent","0.75","media/doNKdpo1vF8/moment-088-reference.mp4","media/doNKdpo1vF8/moment-088-bitrate_reduction-25_percent.mp4","","","","",""
"doNKdpo1vF8","88","264.880","267.890","251.385","281.385","30.000","resolution_reduction","50_percent","0.5","media/doNKdpo1vF8/moment-088-reference.mp4","media/doNKdpo1vF8/moment-088-resolution_reduction-50_percent.mp4","","","","",""
"doNKdpo1vF8","88","264.880","267.890","251.385","281.385","30.000","resolution_reduction","25_percent","0.75","media/doNKdpo1vF8/moment-088-reference.mp4","media/doNKdpo1vF8/moment-088-resolution_reduction-25_percent.mp4","","","","",""
"H-0RHqDWcJE","71","169.690","172.080","155.885","185.885","30.000","rebuffering","2s","2","media/H-0RHqDWcJE/moment-071-reference.mp4","media/H-0RHqDWcJE/moment-071-rebuffering-2s.mp4","","","","",""
"H-0RHqDWcJE","71","169.690","172.080","155.885","185.885","30.000","rebuffering","5s","5","media/H-0RHqDWcJE/moment-071-reference.mp4","media/H-0RHqDWcJE/moment-071-rebuffering-5s.mp4","","","","",""
"H-0RHqDWcJE","71","169.690","172.080","155.885","185.885","30.000","bitrate_reduction","50_percent","0.5","media/H-0RHqDWcJE/moment-071-reference.mp4","media/H-0RHqDWcJE/moment-071-bitrate_reduction-50_percent.mp4","","","","",""
"H-0RHqDWcJE","71","169.690","172.080","155.885","185.885","30.000","bitrate_reduction","25_percent","0.75","media/H-0RHqDWcJE/moment-071-reference.mp4","media/H-0RHqDWcJE/moment-071-bitrate_reduction-25_percent.mp4","","","","",""
"H-0RHqDWcJE","71","169.690","172.080","155.885","185.885","30.000","resolution_reduction","50_percent","0.5","media/H-0RHqDWcJE/moment-071-reference.mp4","media/H-0RHqDWcJE/moment-071-resolution_reduction-50_percent.mp4","","","","",""
"H-0RHqDWcJE","71","169.690","172.080","155.885","185.885","30.000","resolution_reduction","25_percent","0.75","media/H-0RHqDWcJE/moment-071-reference.mp4","media/H-0RHqDWcJE/moment-071-resolution_reduction-25_percent.mp4","","","","",""
"H-0RHqDWcJE","99","236.610","239.000","209.000","239.000","30.000","rebuffering","2s","2","media/H-0RHqDWcJE/moment-099-reference.mp4","media/H-0RHqDWcJE/moment-099-rebuffering-2s.mp4","","","","",""
"H-0RHqDWcJE","99","236.610","239.000","209.000","239.000","30.000","rebuffering","5s","5","media/H-0RHqDWcJE/moment-099-reference.mp4","media/H-0RHqDWcJE/moment-099-rebuffering-5s.mp4","","","","",""
"H-0RHqDWcJE","99","236.610","239.000","209.000","239.000","30.000","bitrate_reduction","50_percent","0.5","media/H-0RHqDWcJE/moment-099-reference.mp4","media/H-0RHqDWcJE/moment-099-bitrate_reduction-50_percent.mp4","","","","",""
"H-0RHqDWcJE","99","236.610","239.000","209.000","239.000","30.000","bitrate_reduction","25_percent","0.75","media/H-0RHqDWcJE/moment-099-reference.mp4","media/H-0RHqDWcJE/moment-099-bitrate_reduction-25_percent.mp4","","","","",""
"H-0RHqDWcJE","99","236.610","239.000","209.000","239.000","30.000","resolution_reduction","50_percent","0.5","media/H-0RHqDWcJE/moment-099-reference.mp4","media/H-0RHqDWcJE/moment-099-resolution_reduction-50_percent.mp4","","","","",""
"H-0RHqDWcJE","99","236.610","239.000","209.000","239.000","30.000","resolution_reduction","25_percent","0.75","media/H-0RHqDWcJE/moment-099-reference.mp4","media/H-0RHqDWcJE/moment-099-resolution_reduction-25_percent.mp4","","","","",""
"H-0RHqDWcJE","13","31.070","33.460","17.265","47.265","30.000","rebuffering","2s","2","media/H-0RHqDWcJE/moment-013-reference.mp4","media/H-0RHqDWcJE/moment-013-rebuffering-2s.mp4","","","","",""
"H-0RHqDWcJE","13","31.070","33.460","17.265","47.265","30.000","rebuffering","5s","5","media/H-0RHqDWcJE/moment-013-reference.mp4","media/H-0RHqDWcJE/moment-013-rebuffering-5s.mp4","","","","",""
"H-0RHqDWcJE","13","31.070","33.460","17.265","47.265","30.000","bitrate_reduction","50_percent","0.5","media/H-0RHqDWcJE/moment-013-reference.mp4","media/H-0RHqDWcJE/moment-013-bitrate_reduction-50_percent.mp4","","","","",""
"H-0RHqDWcJE","13","31.070","33.460","17.265","47.265","30.000","bitrate_reduction","25_percent","0.75","media/H-0RHqDWcJE/moment-013-reference.mp4","media/H-0RHqDWcJE/moment-013-bitrate_reduction-25_percent.mp4","","","","",""
"H-0RHqDWcJE","13","31.070","33.460","17.265","47.265","30.000","resolution_reduction","50_percent","0.5","media/H-0RHqDWcJE/moment-013-reference.mp4","media/H-0RHqDWcJE/moment-013-resolution_reduction-50_percent.mp4","","","","",""
"H-0RHqDWcJE","13","31.070","33.460","17.265","47.265","30.000","resolution_reduction","25_percent","0.75","media/H-0RHqDWcJE/moment-013-reference.mp4","media/H-0RHqDWcJE/moment-013-resolution_reduction-25_percent.mp4","","","","",""
"H-0RHqDWcJE","33","78.870","81.260","65.065","95.065","30.000","rebuffering","2s","2","media/H-0RHqDWcJE/moment-033-reference.mp4","media/H-0RHqDWcJE/moment-033-rebuffering-2s.mp4","","","","",""
"H-0RHqDWcJE","33","78.870","81.260","65.065","95.065","30.000","rebuffering","5s","5","media/H-0RHqDWcJE/moment-033-reference.mp4","media/H-0RHqDWcJE/moment-033-rebuffering-5s.mp4","","","","",""
"H-0RHqDWcJE","33","78.870","81.260","65.065","95.065","30.000","bitrate_reduction","50_percent","0.5","media/H-0RHqDWcJE/moment-033-reference.mp4","media/H-0RHqDWcJE/moment-033-bitrate_reduction-50_percent.mp4","","","","",""
"H-0RHqDWcJE","33","78.870","81.260","65.065","95.065","30.000","bitrate_reduction","25_percent","0.75","media/H-0RHqDWcJE/moment-033-reference.mp4","media/H-0RHqDWcJE/moment-033-bitrate_reduction-25_percent.mp4","","","","",""
"H-0RHqDWcJE","33","78.870","81.260","65.065","95.065","30.000","resolution_reduction","50_percent","0.5","media/H-0RHqDWcJE/moment-033-reference.mp4","media/H-0RHqDWcJE/moment-033-resolution_reduction-50_percent.mp4","","","","",""
"H-0RHqDWcJE","33","78.870","81.260","65.065","95.065","30.000","resolution_reduction","25_percent","0.75","media/H-0RHqDWcJE/moment-033-reference.mp4","media/H-0RHqDWcJE/moment-033-resolution_reduction-25_percent.mp4","","","","",""
"ZD1QrIe--_Y","49","369.950","377.500","358.725","388.725","30.000","rebuffering","2s","2","media/ZD1QrIe--_Y/moment-049-reference.mp4","media/ZD1QrIe--_Y/moment-049-rebuffering-2s.mp4","","","","",""
"ZD1QrIe--_Y","49","369.950","377.500","358.725","388.725","30.000","rebuffering","5s","5","media/ZD1QrIe--_Y/moment-049-reference.mp4","media/ZD1QrIe--_Y/moment-049-rebuffering-5s.mp4","","","","",""
"ZD1QrIe--_Y","49","369.950","377.500","358.725","388.725","30.000","bitrate_reduction","50_percent","0.5","media/ZD1QrIe--_Y/moment-049-reference.mp4","media/ZD1QrIe--_Y/moment-049-bitrate_reduction-50_percent.mp4","","","","",""
"ZD1QrIe--_Y","49","369.950","377.500","358.725","388.725","30.000","bitrate_reduction","25_percent","0.75","media/ZD1QrIe--_Y/moment-049-reference.mp4","media/ZD1QrIe--_Y/moment-049-bitrate_reduction-25_percent.mp4","","","","",""
"ZD1QrIe--_Y","49","369.950","377.500","358.725","388.725","30.000","resolution_reduction","50_percent","0.5","media/ZD1QrIe--_Y/moment-049-reference.mp4","media/ZD1QrIe--_Y/moment-049-resolution_reduction-50_percent.mp4","","","","",""
"ZD1QrIe--_Y","49","369.950","377.500","358.725","388.725","30.000","resolution_reduction","25_percent","0.75","media/ZD1QrIe--_Y/moment-049-reference.mp4","media/ZD1QrIe--_Y/moment-049-resolution_reduction-25_percent.mp4","","","","",""
"ZD1QrIe--_Y","99","747.450","755.000","725.000","755.000","30.000","rebuffering","2s","2","media/ZD1QrIe--_Y/moment-099-reference.mp4","media/ZD1QrIe--_Y/moment-099-rebuffering-2s.mp4","","","","",""
"ZD1QrIe--_Y","99","747.450","755.000","725.000","755.000","30.000","rebuffering","5s","5","media/ZD1QrIe--_Y/moment-099-reference.mp4","media/ZD1QrIe--_Y/moment-099-rebuffering-5s.mp4","","","","",""
"ZD1QrIe--_Y","99","747.450","755.000","725.000","755.000","30.000","bitrate_reduction","50_percent","0.5","media/ZD1QrIe--_Y/moment-099-reference.mp4","media/ZD1QrIe--_Y/moment-099-bitrate_reduction-50_percent.mp4","","","","",""
"ZD1QrIe--_Y","99","747.450","755.000","725.000","755.000","30.000","bitrate_reduction","25_percent","0.75","media/ZD1QrIe--_Y/moment-099-reference.mp4","media/ZD1QrIe--_Y/moment-099-bitrate_reduction-25_percent.mp4","","","","",""
"ZD1QrIe--_Y","99","747.450","755.000","725.000","755.000","30.000","resolution_reduction","50_percent","0.5","media/ZD1QrIe--_Y/moment-099-reference.mp4","media/ZD1QrIe--_Y/moment-099-resolution_reduction-50_percent.mp4","","","","",""
"ZD1QrIe--_Y","99","747.450","755.000","725.000","755.000","30.000","resolution_reduction","25_percent","0.75","media/ZD1QrIe--_Y/moment-099-reference.mp4","media/ZD1QrIe--_Y/moment-099-resolution_reduction-25_percent.mp4","","","","",""
"ZD1QrIe--_Y","75","566.250","573.800","555.025","585.025","30.000","rebuffering","2s","2","media/ZD1QrIe--_Y/moment-075-reference.mp4","media/ZD1QrIe--_Y/moment-075-rebuffering-2s.mp4","","","","",""
"ZD1QrIe--_Y","75","566.250","573.800","555.025","585.025","30.000","rebuffering","5s","5","media/ZD1QrIe--_Y/moment-075-reference.mp4","media/ZD1QrIe--_Y/moment-075-rebuffering-5s.mp4","","","","",""
"ZD1QrIe--_Y","75","566.250","573.800","555.025","585.025","30.000","bitrate_reduction","50_percent","0.5","media/ZD1QrIe--_Y/moment-075-reference.mp4","media/ZD1QrIe--_Y/moment-075-bitrate_reduction-50_percent.mp4","","","","",""
"ZD1QrIe--_Y","75","566.250","573.800","555.025","585.025","30.000","bitrate_reduction","25_percent","0.75","media/ZD1QrIe--_Y/moment-075-reference.mp4","media/ZD1QrIe--_Y/moment-075-bitrate_reduction-25_percent.mp4","","","","",""
"ZD1QrIe--_Y","75","566.250","573.800","555.025","585.025","30.000","resolution_reduction","50_percent","0.5","media/ZD1QrIe--_Y/moment-075-reference.mp4","media/ZD1QrIe--_Y/moment-075-resolution_reduction-50_percent.mp4","","","","",""
"ZD1QrIe--_Y","75","566.250","573.800","555.025","585.025","30.000","resolution_reduction","25_percent","0.75","media/ZD1QrIe--_Y/moment-075-reference.mp4","media/ZD1QrIe--_Y/moment-075-resolution_reduction-25_percent.mp4","","","","",""
"ZD1QrIe--_Y","7","52.850","60.400","41.625","71.625","30.000","rebuffering","2s","2","media/ZD1QrIe--_Y/moment-007-reference.mp4","media/ZD1QrIe--_Y/moment-007-rebuffering-2s.mp4","","","","",""
"ZD1QrIe--_Y","7","52.850","60.400","41.625","71.625","30.000","rebuffering","5s","5","media/ZD1QrIe--_Y/moment-007-reference.mp4","media/ZD1QrIe--_Y/moment-007-rebuffering-5s.mp4","","","","",""
"ZD1QrIe--_Y","7","52.850","60.400","41.625","71.625","30.000","bitrate_reduction","50_percent","0.5","media/ZD1QrIe--_Y/moment-007-reference.mp4","media/ZD1QrIe--_Y/moment-007-bitrate_reduction-50_percent.mp4","","","","",""
"ZD1QrIe--_Y","7","52.850","60.400","41.625","71.625","30.000","bitrate_reduction","25_percent","0.75","media/ZD1QrIe--_Y/moment-007-reference.mp4","media/ZD1QrIe--_Y/moment-007-bitrate_reduction-25_percent.mp4","","","","",""
"ZD1QrIe--_Y","7","52.850","60.400","41.625","71.625","30.000","resolution_reduction","50_percent","0.5","media/ZD1QrIe--_Y/moment-007-reference.mp4","media/ZD1QrIe--_Y/moment-007-resolution_reduction-50_percent.mp4","","","","",""
"ZD1QrIe--_Y","7","52.850","60.400","41.625","71.625","30.000","resolution_reduction","25_percent","0.75","media/ZD1QrIe--_Y/moment-007-reference.mp4","media/ZD1QrIe--_Y/moment-007-resolution_reduction-25_percent.mp4","","","","",""
"UBA3OQSJU58","99","356.400","360.000","330.000","360.000","30.000","rebuffering","2s","2","media/UBA3OQSJU58/moment-099-reference.mp4","media/UBA3OQSJU58/moment-099-rebuffering-2s.mp4","","","","",""
"UBA3OQSJU58","99","356.400","360.000","330.000","360.000","30.000","rebuffering","5s","5","media/UBA3OQSJU58/moment-099-reference.mp4","media/UBA3OQSJU58/moment-099-rebuffering-5s.mp4","","","","",""
"UBA3OQSJU58","99","356.400","360.000","330.000","360.000","30.000","bitrate_reduction","50_percent","0.5","media/UBA3OQSJU58/moment-099-reference.mp4","media/UBA3OQSJU58/moment-099-bitrate_reduction-50_percent.mp4","","","","",""
"UBA3OQSJU58","99","356.400","360.000","330.000","360.000","30.000","bitrate_reduction","25_percent","0.75","media/UBA3OQSJU58/moment-099-reference.mp4","media/UBA3OQSJU58/moment-099-bitrate_reduction-25_percent.mp4","","","","",""
"UBA3OQSJU58","99","356.400","360.000","330.000","360.000","30.000","resolution_reduction","50_percent","0.5","media/UBA3OQSJU58/moment-099-reference.mp4","media/UBA3OQSJU58/moment-099-resolution_reduction-50_percent.mp4","","","","",""
"UBA3OQSJU58","99","356.400","360.000","330.000","360.000","30.000","resolution_reduction","25_percent","0.75","media/UBA3OQSJU58/moment-099-reference.mp4","media/UBA3OQSJU58/moment-099-resolution_reduction-25_percent.mp4","","","","",""
"UBA3OQSJU58","75","270.000","273.600","256.800","286.800","30.000","rebuffering","2s","2","media/UBA3OQSJU58/moment-075-reference.mp4","media/UBA3OQSJU58/moment-075-rebuffering-2s.mp4","","","","",""
"UBA3OQSJU58","75","270.000","273.600","256.800","286.800","30.000","rebuffering","5s","5","media/UBA3OQSJU58/moment-075-reference.mp4","media/UBA3OQSJU58/moment-075-rebuffering-5s.mp4","","","","",""
"UBA3OQSJU58","75","270.000","273.600","256.800","286.800","30.000","bitrate_reduction","50_percent","0.5","media/UBA3OQSJU58/moment-075-reference.mp4","media/UBA3OQSJU58/moment-075-bitrate_reduction-50_percent.mp4","","","","",""
"UBA3OQSJU58","75","270.000","273.600","256.800","286.800","30.000","bitrate_reduction","25_percent","0.75","media/UBA3OQSJU58/moment-075-reference.mp4","media/UBA3OQSJU58/moment-075-bitrate_reduction-25_percent.mp4","","","","",""
"UBA3OQSJU58","75","270.000","273.600","256.800","286.800","30.000","resolution_reduction","50_percent","0.5","media/UBA3OQSJU58/moment-075-reference.mp4","media/UBA3OQSJU58/moment-075-resolution_reduction-50_percent.mp4","","","","",""
"UBA3OQSJU58","75","270.000","273.600","256.800","286.800","30.000","resolution_reduction","25_percent","0.75","media/UBA3OQSJU58/moment-075-reference.mp4","media/UBA3OQSJU58/moment-075-resolution_reduction-25_percent.mp4","","","","",""
"UBA3OQSJU58","87","313.200","316.800","300.000","330.000","30.000","rebuffering","2s","2","media/UBA3OQSJU58/moment-087-reference.mp4","media/UBA3OQSJU58/moment-087-rebuffering-2s.mp4","","","","",""
"UBA3OQSJU58","87","313.200","316.800","300.000","330.000","30.000","rebuffering","5s","5","media/UBA3OQSJU58/moment-087-reference.mp4","media/UBA3OQSJU58/moment-087-rebuffering-5s.mp4","","","","",""
"UBA3OQSJU58","87","313.200","316.800","300.000","330.000","30.000","bitrate_reduction","50_percent","0.5","media/UBA3OQSJU58/moment-087-reference.mp4","media/UBA3OQSJU58/moment-087-bitrate_reduction-50_percent.mp4","","","","",""
"UBA3OQSJU58","87","313.200","316.800","300.000","330.000","30.000","bitrate_reduction","25_percent","0.75","media/UBA3OQSJU58/moment-087-reference.mp4","media/UBA3OQSJU58/moment-087-bitrate_reduction-25_percent.mp4","","","","",""
"UBA3OQSJU58","87","313.200","316.800","300.000","330.000","30.000","resolution_reduction","50_percent","0.5","media/UBA3OQSJU58/moment-087-reference.mp4","media/UBA3OQSJU58/moment-087-resolution_reduction-50_percent.mp4","","","","",""
"UBA3OQSJU58","87","313.200","316.800","300.000","330.000","30.000","resolution_reduction","25_percent","0.75","media/UBA3OQSJU58/moment-087-reference.mp4","media/UBA3OQSJU58/moment-087-resolution_reduction-25_percent.mp4","","","","",""
"UBA3OQSJU58","94","338.400","342.000","325.200","355.200","30.000","rebuffering","2s","2","media/UBA3OQSJU58/moment-094-reference.mp4","media/UBA3OQSJU58/moment-094-rebuffering-2s.mp4","","","","",""
"UBA3OQSJU58","94","338.400","342.000","325.200","355.200","30.000","rebuffering","5s","5","media/UBA3OQSJU58/moment-094-reference.mp4","media/UBA3OQSJU58/moment-094-rebuffering-5s.mp4","","","","",""
"UBA3OQSJU58","94","338.400","342.000","325.200","355.200","30.000","bitrate_reduction","50_percent","0.5","media/UBA3OQSJU58/moment-094-reference.mp4","media/UBA3OQSJU58/moment-094-bitrate_reduction-50_percent.mp4","","","","",""
"UBA3OQSJU58","94","338.400","342.000","325.200","355.200","30.000","bitrate_reduction","25_percent","0.75","media/UBA3OQSJU58/moment-094-reference.mp4","media/UBA3OQSJU58/moment-094-bitrate_reduction-25_percent.mp4","","","","",""
"UBA3OQSJU58","94","338.400","342.000","325.200","355.200","30.000","resolution_reduction","50_percent","0.5","media/UBA3OQSJU58/moment-094-reference.mp4","media/UBA3OQSJU58/moment-094-resolution_reduction-50_percent.mp4","","","","",""
"UBA3OQSJU58","94","338.400","342.000","325.200","355.200","30.000","resolution_reduction","25_percent","0.75","media/UBA3OQSJU58/moment-094-reference.mp4","media/UBA3OQSJU58/moment-094-resolution_reduction-25_percent.mp4","","","","",""
"L_Guz73e6fw","99","8550.630","8637.000","8578.815","8608.815","30.000","rebuffering","2s","2","media/L_Guz73e6fw/moment-099-reference.mp4","media/L_Guz73e6fw/moment-099-rebuffering-2s.mp4","","","","",""
"L_Guz73e6fw","99","8550.630","8637.000","8578.815","8608.815","30.000","rebuffering","5s","5","media/L_Guz73e6fw/moment-099-reference.mp4","media/L_Guz73e6fw/moment-099-rebuffering-5s.mp4","","","","",""
"L_Guz73e6fw","99","8550.630","8637.000","8578.815","8608.815","30.000","bitrate_reduction","50_percent","0.5","media/L_Guz73e6fw/moment-099-reference.mp4","media/L_Guz73e6fw/moment-099-bitrate_reduction-50_percent.mp4","","","","",""
"L_Guz73e6fw","99","8550.630","8637.000","8578.815","8608.815","30.000","bitrate_reduction","25_percent","0.75","media/L_Guz73e6fw/moment-099-reference.mp4","media/L_Guz73e6fw/moment-099-bitrate_reduction-25_percent.mp4","","","","",""
"L_Guz73e6fw","99","8550.630","8637.000","8578.815","8608.815","30.000","resolution_reduction","50_percent","0.5","media/L_Guz73e6fw/moment-099-reference.mp4","media/L_Guz73e6fw/moment-099-resolution_reduction-50_percent.mp4","","","","",""
"L_Guz73e6fw","99","8550.630","8637.000","8578.815","8608.815","30.000","resolution_reduction","25_percent","0.75","media/L_Guz73e6fw/moment-099-reference.mp4","media/L_Guz73e6fw/moment-099-resolution_reduction-25_percent.mp4","","","","",""
"L_Guz73e6fw","84","7255.080","7341.450","7283.265","7313.265","30.000","rebuffering","2s","2","media/L_Guz73e6fw/moment-084-reference.mp4","media/L_Guz73e6fw/moment-084-rebuffering-2s.mp4","","","","",""
"L_Guz73e6fw","84","7255.080","7341.450","7283.265","7313.265","30.000","rebuffering","5s","5","media/L_Guz73e6fw/moment-084-reference.mp4","media/L_Guz73e6fw/moment-084-rebuffering-5s.mp4","","","","",""
"L_Guz73e6fw","84","7255.080","7341.450","7283.265","7313.265","30.000","bitrate_reduction","50_percent","0.5","media/L_Guz73e6fw/moment-084-reference.mp4","media/L_Guz73e6fw/moment-084-bitrate_reduction-50_percent.mp4","","","","",""
"L_Guz73e6fw","84","7255.080","7341.450","7283.265","7313.265","30.000","bitrate_reduction","25_percent","0.75","media/L_Guz73e6fw/moment-084-reference.mp4","media/L_Guz73e6fw/moment-084-bitrate_reduction-25_percent.mp4","","","","",""
"L_Guz73e6fw","84","7255.080","7341.450","7283.265","7313.265","30.000","resolution_reduction","50_percent","0.5","media/L_Guz73e6fw/moment-084-reference.mp4","media/L_Guz73e6fw/moment-084-resolution_reduction-50_percent.mp4","","","","",""
"L_Guz73e6fw","84","7255.080","7341.450","7283.265","7313.265","30.000","resolution_reduction","25_percent","0.75","media/L_Guz73e6fw/moment-084-reference.mp4","media/L_Guz73e6fw/moment-084-resolution_reduction-25_percent.mp4","","","","",""
"L_Guz73e6fw","77","6650.490","6736.860","6678.675","6708.675","30.000","rebuffering","2s","2","media/L_Guz73e6fw/moment-077-reference.mp4","media/L_Guz73e6fw/moment-077-rebuffering-2s.mp4","","","","",""
"L_Guz73e6fw","77","6650.490","6736.860","6678.675","6708.675","30.000","rebuffering","5s","5","media/L_Guz73e6fw/moment-077-reference.mp4","media/L_Guz73e6fw/moment-077-rebuffering-5s.mp4","","","","",""
"L_Guz73e6fw","77","6650.490","6736.860","6678.675","6708.675","30.000","bitrate_reduction","50_percent","0.5","media/L_Guz73e6fw/moment-077-reference.mp4","media/L_Guz73e6fw/moment-077-bitrate_reduction-50_percent.mp4","","","","",""
"L_Guz73e6fw","77","6650.490","6736.860","6678.675","6708.675","30.000","bitrate_reduction","25_percent","0.75","media/L_Guz73e6fw/moment-077-reference.mp4","media/L_Guz73e6fw/moment-077-bitrate_reduction-25_percent.mp4","","","","",""
"L_Guz73e6fw","77","6650.490","6736.860","6678.675","6708.675","30.000","resolution_reduction","50_percent","0.5","media/L_Guz73e6fw/moment-077-reference.mp4","media/L_Guz73e6fw/moment-077-resolution_reduction-50_percent.mp4","","","","",""
"L_Guz73e6fw","77","6650.490","6736.860","6678.675","6708.675","30.000","resolution_reduction","25_percent","0.75","media/L_Guz73e6fw/moment-077-reference.mp4","media/L_Guz73e6fw/moment-077-resolution_reduction-25_percent.mp4","","","","",""
"L_Guz73e6fw","20","1727.400","1813.770","1755.585","1785.585","30.000","rebuffering","2s","2","media/L_Guz73e6fw/moment-020-reference.mp4","media/L_Guz73e6fw/moment-020-rebuffering-2s.mp4","","","","",""
"L_Guz73e6fw","20","1727.400","1813.770","1755.585","1785.585","30.000","rebuffering","5s","5","media/L_Guz73e6fw/moment-020-reference.mp4","media/L_Guz73e6fw/moment-020-rebuffering-5s.mp4","","","","",""
"L_Guz73e6fw","20","1727.400","1813.770","1755.585","1785.585","30.000","bitrate_reduction","50_percent","0.5","media/L_Guz73e6fw/moment-020-reference.mp4","media/L_Guz73e6fw/moment-020-bitrate_reduction-50_percent.mp4","","","","",""
"L_Guz73e6fw","20","1727.400","1813.770","1755.585","1785.585","30.000","bitrate_reduction","25_percent","0.75","media/L_Guz73e6fw/moment-020-reference.mp4","media/L_Guz73e6fw/moment-020-bitrate_reduction-25_percent.mp4","","","","",""
"L_Guz73e6fw","20","1727.400","1813.770","1755.585","1785.585","30.000","resolution_reduction","50_percent","0.5","media/L_Guz73e6fw/moment-020-reference.mp4","media/L_Guz73e6fw/moment-020-resolution_reduction-50_percent.mp4","","","","",""
"L_Guz73e6fw","20","1727.400","1813.770","1755.585","1785.585","30.000","resolution_reduction","25_percent","0.75","media/L_Guz73e6fw/moment-020-reference.mp4","media/L_Guz73e6fw/moment-020-resolution_reduction-25_percent.mp4","","","","",""
"jvqFAi7vkBc","99","6840.900","6910.000","6860.450","6890.450","30.000","rebuffering","2s","2","media/jvqFAi7vkBc/moment-099-reference.mp4","media/jvqFAi7vkBc/moment-099-rebuffering-2s.mp4","","","","",""
"jvqFAi7vkBc","99","6840.900","6910.000","6860.450","6890.450","30.000","rebuffering","5s","5","media/jvqFAi7vkBc/moment-099-reference.mp4","media/jvqFAi7vkBc/moment-099-rebuffering-5s.mp4","","","","",""
"jvqFAi7vkBc","99","6840.900","6910.000","6860.450","6890.450","30.000","bitrate_reduction","50_percent","0.5","media/jvqFAi7vkBc/moment-099-reference.mp4","media/jvqFAi7vkBc/moment-099-bitrate_reduction-50_percent.mp4","","","","",""
"jvqFAi7vkBc","99","6840.900","6910.000","6860.450","6890.450","30.000","bitrate_reduction","25_percent","0.75","media/jvqFAi7vkBc/moment-099-reference.mp4","media/jvqFAi7vkBc/moment-099-bitrate_reduction-25_percent.mp4","","","","",""
"jvqFAi7vkBc","99","6840.900","6910.000","6860.450","6890.450","30.000","resolution_reduction","50_percent","0.5","media/jvqFAi7vkBc/moment-099-reference.mp4","media/jvqFAi7vkBc/moment-099-resolution_reduction-50_percent.mp4","","","","",""
"jvqFAi7vkBc","99","6840.900","6910.000","6860.450","6890.450","30.000","resolution_reduction","25_percent","0.75","media/jvqFAi7vkBc/moment-099-reference.mp4","media/jvqFAi7vkBc/moment-099-resolution_reduction-25_percent.mp4","","","","",""
"jvqFAi7vkBc","0","0.000","69.100","19.550","49.550","30.000","rebuffering","2s","2","media/jvqFAi7vkBc/moment-000-reference.mp4","media/jvqFAi7vkBc/moment-000-rebuffering-2s.mp4","","","","",""
"jvqFAi7vkBc","0","0.000","69.100","19.550","49.550","30.000","rebuffering","5s","5","media/jvqFAi7vkBc/moment-000-reference.mp4","media/jvqFAi7vkBc/moment-000-rebuffering-5s.mp4","","","","",""
"jvqFAi7vkBc","0","0.000","69.100","19.550","49.550","30.000","bitrate_reduction","50_percent","0.5","media/jvqFAi7vkBc/moment-000-reference.mp4","media/jvqFAi7vkBc/moment-000-bitrate_reduction-50_percent.mp4","","","","",""
"jvqFAi7vkBc","0","0.000","69.100","19.550","49.550","30.000","bitrate_reduction","25_percent","0.75","media/jvqFAi7vkBc/moment-000-reference.mp4","media/jvqFAi7vkBc/moment-000-bitrate_reduction-25_percent.mp4","","","","",""
"jvqFAi7vkBc","0","0.000","69.100","19.550","49.550","30.000","resolution_reduction","50_percent","0.5","media/jvqFAi7vkBc/moment-000-reference.mp4","media/jvqFAi7vkBc/moment-000-resolution_reduction-50_percent.mp4","","","","",""
"jvqFAi7vkBc","0","0.000","69.100","19.550","49.550","30.000","resolution_reduction","25_percent","0.75","media/jvqFAi7vkBc/moment-000-reference.mp4","media/jvqFAi7vkBc/moment-000-resolution_reduction-25_percent.mp4","","","","",""
"jvqFAi7vkBc","7","483.700","552.800","503.250","533.250","30.000","rebuffering","2s","2","media/jvqFAi7vkBc/moment-007-reference.mp4","media/jvqFAi7vkBc/moment-007-rebuffering-2s.mp4","","","","",""
"jvqFAi7vkBc","7","483.700","552.800","503.250","533.250","30.000","rebuffering","5s","5","media/jvqFAi7vkBc/moment-007-reference.mp4","media/jvqFAi7vkBc/moment-007-rebuffering-5s.mp4","","","","",""
"jvqFAi7vkBc","7","483.700","552.800","503.250","533.250","30.000","bitrate_reduction","50_percent","0.5","media/jvqFAi7vkBc/moment-007-reference.mp4","media/jvqFAi7vkBc/moment-007-bitrate_reduction-50_percent.mp4","","","","",""
"jvqFAi7vkBc","7","483.700","552.800","503.250","533.250","30.000","bitrate_reduction","25_percent","0.75","media/jvqFAi7vkBc/moment-007-reference.mp4","media/jvqFAi7vkBc/moment-007-bitrate_reduction-25_percent.mp4","","","","",""
"jvqFAi7vkBc","7","483.700","552.800","503.250","533.250","30.000","resolution_reduction","50_percent","0.5","media/jvqFAi7vkBc/moment-007-reference.mp4","media/jvqFAi7vkBc/moment-007-resolution_reduction-50_percent.mp4","","","","",""
"jvqFAi7vkBc","7","483.700","552.800","503.250","533.250","30.000","resolution_reduction","25_percent","0.75","media/jvqFAi7vkBc/moment-007-reference.mp4","media/jvqFAi7vkBc/moment-007-resolution_reduction-25_percent.mp4","","","","",""
"jvqFAi7vkBc","90","6219.000","6288.100","6238.550","6268.550","30.000","rebuffering","2s","2","media/jvqFAi7vkBc/moment-090-reference.mp4","media/jvqFAi7vkBc/moment-090-rebuffering-2s.mp4","","","","",""
"jvqFAi7vkBc","90","6219.000","6288.100","6238.550","6268.550","30.000","rebuffering","5s","5","media/jvqFAi7vkBc/moment-090-reference.mp4","media/jvqFAi7vkBc/moment-090-rebuffering-5s.mp4","","","","",""
"jvqFAi7vkBc","90","6219.000","6288.100","6238.550","6268.550","30.000","bitrate_reduction","50_percent","0.5","media/jvqFAi7vkBc/moment-090-reference.mp4","media/jvqFAi7vkBc/moment-090-bitrate_reduction-50_percent.mp4","","","","",""
"jvqFAi7vkBc","90","6219.000","6288.100","6238.550","6268.550","30.000","bitrate_reduction","25_percent","0.75","media/jvqFAi7vkBc/moment-090-reference.mp4","media/jvqFAi7vkBc/moment-090-bitrate_reduction-25_percent.mp4","","","","",""
"jvqFAi7vkBc","90","6219.000","6288.100","6238.550","6268.550","30.000","resolution_reduction","50_percent","0.5","media/jvqFAi7vkBc/moment-090-reference.mp4","media/jvqFAi7vkBc/moment-090-resolution_reduction-50_percent.mp4","","","","",""
"jvqFAi7vkBc","90","6219.000","6288.100","6238.550","6268.550","30.000","resolution_reduction","25_percent","0.75","media/jvqFAi7vkBc/moment-090-reference.mp4","media/jvqFAi7vkBc/moment-090-resolution_reduction-25_percent.mp4","","","","",""
"QmOF0crdyRU","77","6307.840","6389.760","6333.800","6363.800","30.000","rebuffering","2s","2","media/QmOF0crdyRU/moment-077-reference.mp4","media/QmOF0crdyRU/moment-077-rebuffering-2s.mp4","","","","",""
"QmOF0crdyRU","77","6307.840","6389.760","6333.800","6363.800","30.000","rebuffering","5s","5","media/QmOF0crdyRU/moment-077-reference.mp4","media/QmOF0crdyRU/moment-077-rebuffering-5s.mp4","","","","",""
"QmOF0crdyRU","77","6307.840","6389.760","6333.800","6363.800","30.000","bitrate_reduction","50_percent","0.5","media/QmOF0crdyRU/moment-077-reference.mp4","media/QmOF0crdyRU/moment-077-bitrate_reduction-50_percent.mp4","","","","",""
"QmOF0crdyRU","77","6307.840","6389.760","6333.800","6363.800","30.000","bitrate_reduction","25_percent","0.75","media/QmOF0crdyRU/moment-077-reference.mp4","media/QmOF0crdyRU/moment-077-bitrate_reduction-25_percent.mp4","","","","",""
"QmOF0crdyRU","77","6307.840","6389.760","6333.800","6363.800","30.000","resolution_reduction","50_percent","0.5","media/QmOF0crdyRU/moment-077-reference.mp4","media/QmOF0crdyRU/moment-077-resolution_reduction-50_percent.mp4","","","","",""
"QmOF0crdyRU","77","6307.840","6389.760","6333.800","6363.800","30.000","resolution_reduction","25_percent","0.75","media/QmOF0crdyRU/moment-077-reference.mp4","media/QmOF0crdyRU/moment-077-resolution_reduction-25_percent.mp4","","","","",""
"QmOF0crdyRU","6","491.520","573.440","517.480","547.480","30.000","rebuffering","2s","2","media/QmOF0crdyRU/moment-006-reference.mp4","media/QmOF0crdyRU/moment-006-rebuffering-2s.mp4","","","","",""
"QmOF0crdyRU","6","491.520","573.440","517.480","547.480","30.000","rebuffering","5s","5","media/QmOF0crdyRU/moment-006-reference.mp4","media/QmOF0crdyRU/moment-006-rebuffering-5s.mp4","","","","",""
"QmOF0crdyRU","6","491.520","573.440","517.480","547.480","30.000","bitrate_reduction","50_percent","0.5","media/QmOF0crdyRU/moment-006-reference.mp4","media/QmOF0crdyRU/moment-006-bitrate_reduction-50_percent.mp4","","","","",""
"QmOF0crdyRU","6","491.520","573.440","517.480","547.480","30.000","bitrate_reduction","25_percent","0.75","media/QmOF0crdyRU/moment-006-reference.mp4","media/QmOF0crdyRU/moment-006-bitrate_reduction-25_percent.mp4","","","","",""
"QmOF0crdyRU","6","491.520","573.440","517.480","547.480","30.000","resolution_reduction","50_percent","0.5","media/QmOF0crdyRU/moment-006-reference.mp4","media/QmOF0crdyRU/moment-006-resolution_reduction-50_percent.mp4","","","","",""
"QmOF0crdyRU","6","491.520","573.440","517.480","547.480","30.000","resolution_reduction","25_percent","0.75","media/QmOF0crdyRU/moment-006-reference.mp4","media/QmOF0crdyRU/moment-006-resolution_reduction-25_percent.mp4","","","","",""
"QmOF0crdyRU","88","7208.960","7290.880","7234.920","7264.920","30.000","rebuffering","2s","2","media/QmOF0crdyRU/moment-088-reference.mp4","media/QmOF0crdyRU/moment-088-rebuffering-2s.mp4","","","","",""
"QmOF0crdyRU","88","7208.960","7290.880","7234.920","7264.920","30.000","rebuffering","5s","5","media/QmOF0crdyRU/moment-088-reference.mp4","media/QmOF0crdyRU/moment-088-rebuffering-5s.mp4","","","","",""
"QmOF0crdyRU","88","7208.960","7290.880","7234.920","7264.920","30.000","bitrate_reduction","50_percent","0.5","media/QmOF0crdyRU/moment-088-reference.mp4","media/QmOF0crdyRU/moment-088-bitrate_reduction-50_percent.mp4","","","","",""
"QmOF0crdyRU","88","7208.960","7290.880","7234.920","7264.920","30.000","bitrate_reduction","25_percent","0.75","media/QmOF0crdyRU/moment-088-reference.mp4","media/QmOF0crdyRU/moment-088-bitrate_reduction-25_percent.mp4","","","","",""
"QmOF0crdyRU","88","7208.960","7290.880","7234.920","7264.920","30.000","resolution_reduction","50_percent","0.5","media/QmOF0crdyRU/moment-088-reference.mp4","media/QmOF0crdyRU/moment-088-resolution_reduction-50_percent.mp4","","","","",""
"QmOF0crdyRU","88","7208.960","7290.880","7234.920","7264.920","30.000","resolution_reduction","25_percent","0.75","media/QmOF0crdyRU/moment-088-reference.mp4","media/QmOF0crdyRU/moment-088-resolution_reduction-25_percent.mp4","","","","",""
"QmOF0crdyRU","97","7946.240","8028.160","7972.200","8002.200","30.000","rebuffering","2s","2","media/QmOF0crdyRU/moment-097-reference.mp4","media/QmOF0crdyRU/moment-097-rebuffering-2s.mp4","","","","",""
"QmOF0crdyRU","97","7946.240","8028.160","7972.200","8002.200","30.000","rebuffering","5s","5","media/QmOF0crdyRU/moment-097-reference.mp4","media/QmOF0crdyRU/moment-097-rebuffering-5s.mp4","","","","",""
"QmOF0crdyRU","97","7946.240","8028.160","7972.200","8002.200","30.000","bitrate_reduction","50_percent","0.5","media/QmOF0crdyRU/moment-097-reference.mp4","media/QmOF0crdyRU/moment-097-bitrate_reduction-50_percent.mp4","","","","",""
"QmOF0crdyRU","97","7946.240","8028.160","7972.200","8002.200","30.000","bitrate_reduction","25_percent","0.75","media/QmOF0crdyRU/moment-097-reference.mp4","media/QmOF0crdyRU/moment-097-bitrate_reduction-25_percent.mp4","","","","",""
"QmOF0crdyRU","97","7946.240","8028.160","7972.200","8002.200","30.000","resolution_reduction","50_percent","0.5","media/QmOF0crdyRU/moment-097-reference.mp4","media/QmOF0crdyRU/moment-097-resolution_reduction-50_percent.mp4","","","","",""
"QmOF0crdyRU","97","7946.240","8028.160","7972.200","8002.200","30.000","resolution_reduction","25_percent","0.75","media/QmOF0crdyRU/moment-097-reference.mp4","media/QmOF0crdyRU/moment-097-resolution_reduction-25_percent.mp4","","","","",""
"GrhLT9P61Z8","99","12151.260","12274.000","12197.630","12227.630","30.000","rebuffering","2s","2","media/GrhLT9P61Z8/moment-099-reference.mp4","media/GrhLT9P61Z8/moment-099-rebuffering-2s.mp4","","","","",""
"GrhLT9P61Z8","99","12151.260","12274.000","12197.630","12227.630","30.000","rebuffering","5s","5","media/GrhLT9P61Z8/moment-099-reference.mp4","media/GrhLT9P61Z8/moment-099-rebuffering-5s.mp4","","","","",""
"GrhLT9P61Z8","99","12151.260","12274.000","12197.630","12227.630","30.000","bitrate_reduction","50_percent","0.5","media/GrhLT9P61Z8/moment-099-reference.mp4","media/GrhLT9P61Z8/moment-099-bitrate_reduction-50_percent.mp4","","","","",""
"GrhLT9P61Z8","99","12151.260","12274.000","12197.630","12227.630","30.000","bitrate_reduction","25_percent","0.75","media/GrhLT9P61Z8/moment-099-reference.mp4","media/GrhLT9P61Z8/moment-099-bitrate_reduction-25_percent.mp4","","","","",""
"GrhLT9P61Z8","99","12151.260","12274.000","12197.630","12227.630","30.000","resolution_reduction","50_percent","0.5","media/GrhLT9P61Z8/moment-099-reference.mp4","media/GrhLT9P61Z8/moment-099-resolution_reduction-50_percent.mp4","","","","",""
"GrhLT9P61Z8","99","12151.260","12274.000","12197.630","12227.630","30.000","resolution_reduction","25_percent","0.75","media/GrhLT9P61Z8/moment-099-reference.mp4","media/GrhLT9P61Z8/moment-099-resolution_reduction-25_percent.mp4","","","","",""
"GrhLT9P61Z8","0","0.000","122.740","46.370","76.370","30.000","rebuffering","2s","2","media/GrhLT9P61Z8/moment-000-reference.mp4","media/GrhLT9P61Z8/moment-000-rebuffering-2s.mp4","","","","",""
"GrhLT9P61Z8","0","0.000","122.740","46.370","76.370","30.000","rebuffering","5s","5","media/GrhLT9P61Z8/moment-000-reference.mp4","media/GrhLT9P61Z8/moment-000-rebuffering-5s.mp4","","","","",""
"GrhLT9P61Z8","0","0.000","122.740","46.370","76.370","30.000","bitrate_reduction","50_percent","0.5","media/GrhLT9P61Z8/moment-000-reference.mp4","media/GrhLT9P61Z8/moment-000-bitrate_reduction-50_percent.mp4","","","","",""
"GrhLT9P61Z8","0","0.000","122.740","46.370","76.370","30.000","bitrate_reduction","25_percent","0.75","media/GrhLT9P61Z8/moment-000-reference.mp4","media/GrhLT9P61Z8/moment-000-bitrate_reduction-25_percent.mp4","","","","",""
"GrhLT9P61Z8","0","0.000","122.740","46.370","76.370","30.000","resolution_reduction","50_percent","0.5","media/GrhLT9P61Z8/moment-000-reference.mp4","media/GrhLT9P61Z8/moment-000-resolution_reduction-50_percent.mp4","","","","",""
"GrhLT9P61Z8","0","0.000","122.740","46.370","76.370","30.000","resolution_reduction","25_percent","0.75","media/GrhLT9P61Z8/moment-000-reference.mp4","media/GrhLT9P61Z8/moment-000-resolution_reduction-25_percent.mp4","","","","",""
"GrhLT9P61Z8","67","8223.580","8346.320","8269.950","8299.950","30.000","rebuffering","2s","2","media/GrhLT9P61Z8/moment-067-reference.mp4","media/GrhLT9P61Z8/moment-067-rebuffering-2s.mp4","","","","",""
"GrhLT9P61Z8","67","8223.580","8346.320","8269.950","8299.950","30.000","rebuffering","5s","5","media/GrhLT9P61Z8/moment-067-reference.mp4","media/GrhLT9P61Z8/moment-067-rebuffering-5s.mp4","","","","",""
"GrhLT9P61Z8","67","8223.580","8346.320","8269.950","8299.950","30.000","bitrate_reduction","50_percent","0.5","media/GrhLT9P61Z8/moment-067-reference.mp4","media/GrhLT9P61Z8/moment-067-bitrate_reduction-50_percent.mp4","","","","",""
"GrhLT9P61Z8","67","8223.580","8346.320","8269.950","8299.950","30.000","bitrate_reduction","25_percent","0.75","media/GrhLT9P61Z8/moment-067-reference.mp4","media/GrhLT9P61Z8/moment-067-bitrate_reduction-25_percent.mp4","","","","",""
"GrhLT9P61Z8","67","8223.580","8346.320","8269.950","8299.950","30.000","resolution_reduction","50_percent","0.5","media/GrhLT9P61Z8/moment-067-reference.mp4","media/GrhLT9P61Z8/moment-067-resolution_reduction-50_percent.mp4","","","","",""
"GrhLT9P61Z8","67","8223.580","8346.320","8269.950","8299.950","30.000","resolution_reduction","25_percent","0.75","media/GrhLT9P61Z8/moment-067-reference.mp4","media/GrhLT9P61Z8/moment-067-resolution_reduction-25_percent.mp4","","","","",""
"GrhLT9P61Z8","76","9328.240","9450.980","9374.610","9404.610","30.000","rebuffering","2s","2","media/GrhLT9P61Z8/moment-076-reference.mp4","media/GrhLT9P61Z8/moment-076-rebuffering-2s.mp4","","","","",""
"GrhLT9P61Z8","76","9328.240","9450.980","9374.610","9404.610","30.000","rebuffering","5s","5","media/GrhLT9P61Z8/moment-076-reference.mp4","media/GrhLT9P61Z8/moment-076-rebuffering-5s.mp4","","","","",""
"GrhLT9P61Z8","76","9328.240","9450.980","9374.610","9404.610","30.000","bitrate_reduction","50_percent","0.5","media/GrhLT9P61Z8/moment-076-reference.mp4","media/GrhLT9P61Z8/moment-076-bitrate_reduction-50_percent.mp4","","","","",""
"GrhLT9P61Z8","76","9328.240","9450.980","9374.610","9404.610","30.000","bitrate_reduction","25_percent","0.75","media/GrhLT9P61Z8/moment-076-reference.mp4","media/GrhLT9P61Z8/moment-076-bitrate_reduction-25_percent.mp4","","","","",""
"GrhLT9P61Z8","76","9328.240","9450.980","9374.610","9404.610","30.000","resolution_reduction","50_percent","0.5","media/GrhLT9P61Z8/moment-076-reference.mp4","media/GrhLT9P61Z8/moment-076-resolution_reduction-50_percent.mp4","","","","",""
"GrhLT9P61Z8","76","9328.240","9450.980","9374.610","9404.610","30.000","resolution_reduction","25_percent","0.75","media/GrhLT9P61Z8/moment-076-reference.mp4","media/GrhLT9P61Z8/moment-076-resolution_reduction-25_percent.mp4","","","","",""
"9BMhFmNzw-o","33","36.300","37.400","21.850","51.850","30.000","rebuffering","2s","2","media/9BMhFmNzw-o/moment-033-reference.mp4","media/9BMhFmNzw-o/moment-033-rebuffering-2s.mp4","","","","",""
"9BMhFmNzw-o","33","36.300","37.400","21.850","51.850","30.000","rebuffering","5s","5","media/9BMhFmNzw-o/moment-033-reference.mp4","media/9BMhFmNzw-o/moment-033-rebuffering-5s.mp4","","","","",""
"9BMhFmNzw-o","33","36.300","37.400","21.850","51.850","30.000","bitrate_reduction","50_percent","0.5","media/9BMhFmNzw-o/moment-033-reference.mp4","media/9BMhFmNzw-o/moment-033-bitrate_reduction-50_percent.mp4","","","","",""
"9BMhFmNzw-o","33","36.300","37.400","21.850","51.850","30.000","bitrate_reduction","25_percent","0.75","media/9BMhFmNzw-o/moment-033-reference.mp4","media/9BMhFmNzw-o/moment-033-bitrate_reduction-25_percent.mp4","","","","",""
"9BMhFmNzw-o","33","36.300","37.400","21.850","51.850","30.000","resolution_reduction","50_percent","0.5","media/9BMhFmNzw-o/moment-033-reference.mp4","media/9BMhFmNzw-o/moment-033-resolution_reduction-50_percent.mp4","","","","",""
"9BMhFmNzw-o","33","36.300","37.400","21.850","51.850","30.000","resolution_reduction","25_percent","0.75","media/9BMhFmNzw-o/moment-033-reference.mp4","media/9BMhFmNzw-o/moment-033-resolution_reduction-25_percent.mp4","","","","",""
"9BMhFmNzw-o","56","61.600","62.700","47.150","77.150","30.000","rebuffering","2s","2","media/9BMhFmNzw-o/moment-056-reference.mp4","media/9BMhFmNzw-o/moment-056-rebuffering-2s.mp4","","","","",""
"9BMhFmNzw-o","56","61.600","62.700","47.150","77.150","30.000","rebuffering","5s","5","media/9BMhFmNzw-o/moment-056-reference.mp4","media/9BMhFmNzw-o/moment-056-rebuffering-5s.mp4","","","","",""
"9BMhFmNzw-o","56","61.600","62.700","47.150","77.150","30.000","bitrate_reduction","50_percent","0.5","media/9BMhFmNzw-o/moment-056-reference.mp4","media/9BMhFmNzw-o/moment-056-bitrate_reduction-50_percent.mp4","","","","",""
"9BMhFmNzw-o","56","61.600","62.700","47.150","77.150","30.000","bitrate_reduction","25_percent","0.75","media/9BMhFmNzw-o/moment-056-reference.mp4","media/9BMhFmNzw-o/moment-056-bitrate_reduction-25_percent.mp4","","","","",""
"9BMhFmNzw-o","56","61.600","62.700","47.150","77.150","30.000","resolution_reduction","50_percent","0.5","media/9BMhFmNzw-o/moment-056-reference.mp4","media/9BMhFmNzw-o/moment-056-resolution_reduction-50_percent.mp4","","","","",""
"9BMhFmNzw-o","56","61.600","62.700","47.150","77.150","30.000","resolution_reduction","25_percent","0.75","media/9BMhFmNzw-o/moment-056-reference.mp4","media/9BMhFmNzw-o/moment-056-resolution_reduction-25_percent.mp4","","","","",""
"9BMhFmNzw-o","95","104.500","105.600","80.000","110.000","30.000","rebuffering","2s","2","media/9BMhFmNzw-o/moment-095-reference.mp4","media/9BMhFmNzw-o/moment-095-rebuffering-2s.mp4","","","","",""
"9BMhFmNzw-o","95","104.500","105.600","80.000","110.000","30.000","rebuffering","5s","5","media/9BMhFmNzw-o/moment-095-reference.mp4","media/9BMhFmNzw-o/moment-095-rebuffering-5s.mp4","","","","",""
"9BMhFmNzw-o","95","104.500","105.600","80.000","110.000","30.000","bitrate_reduction","50_percent","0.5","media/9BMhFmNzw-o/moment-095-reference.mp4","media/9BMhFmNzw-o/moment-095-bitrate_reduction-50_percent.mp4","","","","",""
"9BMhFmNzw-o","95","104.500","105.600","80.000","110.000","30.000","bitrate_reduction","25_percent","0.75","media/9BMhFmNzw-o/moment-095-reference.mp4","media/9BMhFmNzw-o/moment-095-bitrate_reduction-25_percent.mp4","","","","",""
"9BMhFmNzw-o","95","104.500","105.600","80.000","110.000","30.000","resolution_reduction","50_percent","0.5","media/9BMhFmNzw-o/moment-095-reference.mp4","media/9BMhFmNzw-o/moment-095-resolution_reduction-50_percent.mp4","","","","",""
"9BMhFmNzw-o","95","104.500","105.600","80.000","110.000","30.000","resolution_reduction","25_percent","0.75","media/9BMhFmNzw-o/moment-095-reference.mp4","media/9BMhFmNzw-o/moment-095-resolution_reduction-25_percent.mp4","","","","",""
"9BMhFmNzw-o","3","3.300","4.400","0.000","30.000","30.000","rebuffering","2s","2","media/9BMhFmNzw-o/moment-003-reference.mp4","media/9BMhFmNzw-o/moment-003-rebuffering-2s.mp4","","","","",""
"9BMhFmNzw-o","3","3.300","4.400","0.000","30.000","30.000","rebuffering","5s","5","media/9BMhFmNzw-o/moment-003-reference.mp4","media/9BMhFmNzw-o/moment-003-rebuffering-5s.mp4","","","","",""
"9BMhFmNzw-o","3","3.300","4.400","0.000","30.000","30.000","bitrate_reduction","50_percent","0.5","media/9BMhFmNzw-o/moment-003-reference.mp4","media/9BMhFmNzw-o/moment-003-bitrate_reduction-50_percent.mp4","","","","",""
"9BMhFmNzw-o","3","3.300","4.400","0.000","30.000","30.000","bitrate_reduction","25_percent","0.75","media/9BMhFmNzw-o/moment-003-reference.mp4","media/9BMhFmNzw-o/moment-003-bitrate_reduction-25_percent.mp4","","","","",""
"9BMhFmNzw-o","3","3.300","4.400","0.000","30.000","30.000","resolution_reduction","50_percent","0.5","media/9BMhFmNzw-o/moment-003-reference.mp4","media/9BMhFmNzw-o/moment-003-resolution_reduction-50_percent.mp4","","","","",""
"9BMhFmNzw-o","3","3.300","4.400","0.000","30.000","30.000","resolution_reduction","25_percent","0.75","media/9BMhFmNzw-o/moment-003-reference.mp4","media/9BMhFmNzw-o/moment-003-resolution_reduction-25_percent.mp4","","","","",""
"joBmbh0AGSQ","89","298.150","301.500","284.825","314.825","30.000","rebuffering","2s","2","media/joBmbh0AGSQ/moment-089-reference.mp4","media/joBmbh0AGSQ/moment-089-rebuffering-2s.mp4","","","","",""
"joBmbh0AGSQ","89","298.150","301.500","284.825","314.825","30.000","rebuffering","5s","5","media/joBmbh0AGSQ/moment-089-reference.mp4","media/joBmbh0AGSQ/moment-089-rebuffering-5s.mp4","","","","",""
"joBmbh0AGSQ","89","298.150","301.500","284.825","314.825","30.000","bitrate_reduction","50_percent","0.5","media/joBmbh0AGSQ/moment-089-reference.mp4","media/joBmbh0AGSQ/moment-089-bitrate_reduction-50_percent.mp4","","","","",""
"joBmbh0AGSQ","89","298.150","301.500","284.825","314.825","30.000","bitrate_reduction","25_percent","0.75","media/joBmbh0AGSQ/moment-089-reference.mp4","media/joBmbh0AGSQ/moment-089-bitrate_reduction-25_percent.mp4","","","","",""
"joBmbh0AGSQ","89","298.150","301.500","284.825","314.825","30.000","resolution_reduction","50_percent","0.5","media/joBmbh0AGSQ/moment-089-reference.mp4","media/joBmbh0AGSQ/moment-089-resolution_reduction-50_percent.mp4","","","","",""
"joBmbh0AGSQ","89","298.150","301.500","284.825","314.825","30.000","resolution_reduction","25_percent","0.75","media/joBmbh0AGSQ/moment-089-reference.mp4","media/joBmbh0AGSQ/moment-089-resolution_reduction-25_percent.mp4","","","","",""
"joBmbh0AGSQ","67","224.450","227.800","211.125","241.125","30.000","rebuffering","2s","2","media/joBmbh0AGSQ/moment-067-reference.mp4","media/joBmbh0AGSQ/moment-067-rebuffering-2s.mp4","","","","",""
"joBmbh0AGSQ","67","224.450","227.800","211.125","241.125","30.000","rebuffering","5s","5","media/joBmbh0AGSQ/moment-067-reference.mp4","media/joBmbh0AGSQ/moment-067-rebuffering-5s.mp4","","","","",""
"joBmbh0AGSQ","67","224.450","227.800","211.125","241.125","30.000","bitrate_reduction","50_percent","0.5","media/joBmbh0AGSQ/moment-067-reference.mp4","media/joBmbh0AGSQ/moment-067-bitrate_reduction-50_percent.mp4","","","","",""
"joBmbh0AGSQ","67","224.450","227.800","211.125","241.125","30.000","bitrate_reduction","25_percent","0.75","media/joBmbh0AGSQ/moment-067-reference.mp4","media/joBmbh0AGSQ/moment-067-bitrate_reduction-25_percent.mp4","","","","",""
"joBmbh0AGSQ","67","224.450","227.800","211.125","241.125","30.000","resolution_reduction","50_percent","0.5","media/joBmbh0AGSQ/moment-067-reference.mp4","media/joBmbh0AGSQ/moment-067-resolution_reduction-50_percent.mp4","","","","",""
"joBmbh0AGSQ","67","224.450","227.800","211.125","241.125","30.000","resolution_reduction","25_percent","0.75","media/joBmbh0AGSQ/moment-067-reference.mp4","media/joBmbh0AGSQ/moment-067-resolution_reduction-25_percent.mp4","","","","",""
"joBmbh0AGSQ","98","328.300","331.650","305.000","335.000","30.000","rebuffering","2s","2","media/joBmbh0AGSQ/moment-098-reference.mp4","media/joBmbh0AGSQ/moment-098-rebuffering-2s.mp4","","","","",""
"joBmbh0AGSQ","98","328.300","331.650","305.000","335.000","30.000","rebuffering","5s","5","media/joBmbh0AGSQ/moment-098-reference.mp4","media/joBmbh0AGSQ/moment-098-rebuffering-5s.mp4","","","","",""
"joBmbh0AGSQ","98","328.300","331.650","305.000","335.000","30.000","bitrate_reduction","50_percent","0.5","media/joBmbh0AGSQ/moment-098-reference.mp4","media/joBmbh0AGSQ/moment-098-bitrate_reduction-50_percent.mp4","","","","",""
"joBmbh0AGSQ","98","328.300","331.650","305.000","335.000","30.000","bitrate_reduction","25_percent","0.75","media/joBmbh0AGSQ/moment-098-reference.mp4","media/joBmbh0AGSQ/moment-098-bitrate_reduction-25_percent.mp4","","","","",""
"joBmbh0AGSQ","98","328.300","331.650","305.000","335.000","30.000","resolution_reduction","50_percent","0.5","media/joBmbh0AGSQ/moment-098-reference.mp4","media/joBmbh0AGSQ/moment-098-resolution_reduction-50_percent.mp4","","","","",""
"joBmbh0AGSQ","98","328.300","331.650","305.000","335.000","30.000","resolution_reduction","25_percent","0.75","media/joBmbh0AGSQ/moment-098-reference.mp4","media/joBmbh0AGSQ/moment-098-resolution_reduction-25_percent.mp4","","","","",""
"joBmbh0AGSQ","1","3.350","6.700","0.000","30.000","30.000","rebuffering","2s","2","media/joBmbh0AGSQ/moment-001-reference.mp4","media/joBmbh0AGSQ/moment-001-rebuffering-2s.mp4","","","","",""
"joBmbh0AGSQ","1","3.350","6.700","0.000","30.000","30.000","rebuffering","5s","5","media/joBmbh0AGSQ/moment-001-reference.mp4","media/joBmbh0AGSQ/moment-001-rebuffering-5s.mp4","","","","",""
"joBmbh0AGSQ","1","3.350","6.700","0.000","30.000","30.000","bitrate_reduction","50_percent","0.5","media/joBmbh0AGSQ/moment-001-reference.mp4","media/joBmbh0AGSQ/moment-001-bitrate_reduction-50_percent.mp4","","","","",""
"joBmbh0AGSQ","1","3.350","6.700","0.000","30.000","30.000","bitrate_reduction","25_percent","0.75","media/joBmbh0AGSQ/moment-001-reference.mp4","media/joBmbh0AGSQ/moment-001-bitrate_reduction-25_percent.mp4","","","","",""
"joBmbh0AGSQ","1","3.350","6.700","0.000","30.000","30.000","resolution_reduction","50_percent","0.5","media/joBmbh0AGSQ/moment-001-reference.mp4","media/joBmbh0AGSQ/moment-001-resolution_reduction-50_percent.mp4","","","","",""
"joBmbh0AGSQ","1","3.350","6.700","0.000","30.000","30.000","resolution_reduction","25_percent","0.75","media/joBmbh0AGSQ/moment-001-reference.mp4","media/joBmbh0AGSQ/moment-001-resolution_reduction-25_percent.mp4","","","","",""
"rfscVS0vtbw","56","8966.720","9126.840","9031.780","9061.780","30.000","rebuffering","2s","2","media/rfscVS0vtbw/moment-056-reference.mp4","media/rfscVS0vtbw/moment-056-rebuffering-2s.mp4","","","","",""
"rfscVS0vtbw","56","8966.720","9126.840","9031.780","9061.780","30.000","rebuffering","5s","5","media/rfscVS0vtbw/moment-056-reference.mp4","media/rfscVS0vtbw/moment-056-rebuffering-5s.mp4","","","","",""
"rfscVS0vtbw","56","8966.720","9126.840","9031.780","9061.780","30.000","bitrate_reduction","50_percent","0.5","media/rfscVS0vtbw/moment-056-reference.mp4","media/rfscVS0vtbw/moment-056-bitrate_reduction-50_percent.mp4","","","","",""
"rfscVS0vtbw","56","8966.720","9126.840","9031.780","9061.780","30.000","bitrate_reduction","25_percent","0.75","media/rfscVS0vtbw/moment-056-reference.mp4","media/rfscVS0vtbw/moment-056-bitrate_reduction-25_percent.mp4","","","","",""
"rfscVS0vtbw","56","8966.720","9126.840","9031.780","9061.780","30.000","resolution_reduction","50_percent","0.5","media/rfscVS0vtbw/moment-056-reference.mp4","media/rfscVS0vtbw/moment-056-resolution_reduction-50_percent.mp4","","","","",""
"rfscVS0vtbw","56","8966.720","9126.840","9031.780","9061.780","30.000","resolution_reduction","25_percent","0.75","media/rfscVS0vtbw/moment-056-reference.mp4","media/rfscVS0vtbw/moment-056-resolution_reduction-25_percent.mp4","","","","",""
"rfscVS0vtbw","2","320.240","480.360","385.300","415.300","30.000","rebuffering","2s","2","media/rfscVS0vtbw/moment-002-reference.mp4","media/rfscVS0vtbw/moment-002-rebuffering-2s.mp4","","","","",""
"rfscVS0vtbw","2","320.240","480.360","385.300","415.300","30.000","rebuffering","5s","5","media/rfscVS0vtbw/moment-002-reference.mp4","media/rfscVS0vtbw/moment-002-rebuffering-5s.mp4","","","","",""
"rfscVS0vtbw","2","320.240","480.360","385.300","415.300","30.000","bitrate_reduction","50_percent","0.5","media/rfscVS0vtbw/moment-002-reference.mp4","media/rfscVS0vtbw/moment-002-bitrate_reduction-50_percent.mp4","","","","",""
"rfscVS0vtbw","2","320.240","480.360","385.300","415.300","30.000","bitrate_reduction","25_percent","0.75","media/rfscVS0vtbw/moment-002-reference.mp4","media/rfscVS0vtbw/moment-002-bitrate_reduction-25_percent.mp4","","","","",""
"rfscVS0vtbw","2","320.240","480.360","385.300","415.300","30.000","resolution_reduction","50_percent","0.5","media/rfscVS0vtbw/moment-002-reference.mp4","media/rfscVS0vtbw/moment-002-resolution_reduction-50_percent.mp4","","","","",""
"rfscVS0vtbw","2","320.240","480.360","385.300","415.300","30.000","resolution_reduction","25_percent","0.75","media/rfscVS0vtbw/moment-002-reference.mp4","media/rfscVS0vtbw/moment-002-resolution_reduction-25_percent.mp4","","","","",""
"rfscVS0vtbw","80","12809.600","12969.720","12874.660","12904.660","30.000","rebuffering","2s","2","media/rfscVS0vtbw/moment-080-reference.mp4","media/rfscVS0vtbw/moment-080-rebuffering-2s.mp4","","","","",""
"rfscVS0vtbw","80","12809.600","12969.720","12874.660","12904.660","30.000","rebuffering","5s","5","media/rfscVS0vtbw/moment-080-reference.mp4","media/rfscVS0vtbw/moment-080-rebuffering-5s.mp4","","","","",""
"rfscVS0vtbw","80","12809.600","12969.720","12874.660","12904.660","30.000","bitrate_reduction","50_percent","0.5","media/rfscVS0vtbw/moment-080-reference.mp4","media/rfscVS0vtbw/moment-080-bitrate_reduction-50_percent.mp4","","","","",""
"rfscVS0vtbw","80","12809.600","12969.720","12874.660","12904.660","30.000","bitrate_reduction","25_percent","0.75","media/rfscVS0vtbw/moment-080-reference.mp4","media/rfscVS0vtbw/moment-080-bitrate_reduction-25_percent.mp4","","","","",""
"rfscVS0vtbw","80","12809.600","12969.720","12874.660","12904.660","30.000","resolution_reduction","50_percent","0.5","media/rfscVS0vtbw/moment-080-reference.mp4","media/rfscVS0vtbw/moment-080-resolution_reduction-50_percent.mp4","","","","",""
"rfscVS0vtbw","80","12809.600","12969.720","12874.660","12904.660","30.000","resolution_reduction","25_percent","0.75","media/rfscVS0vtbw/moment-080-reference.mp4","media/rfscVS0vtbw/moment-080-resolution_reduction-25_percent.mp4","","","","",""
"rfscVS0vtbw","99","15851.880","16012.000","15916.940","15946.940","30.000","rebuffering","2s","2","media/rfscVS0vtbw/moment-099-reference.mp4","media/rfscVS0vtbw/moment-099-rebuffering-2s.mp4","","","","",""
"rfscVS0vtbw","99","15851.880","16012.000","15916.940","15946.940","30.000","rebuffering","5s","5","media/rfscVS0vtbw/moment-099-reference.mp4","media/rfscVS0vtbw/moment-099-rebuffering-5s.mp4","","","","",""
"rfscVS0vtbw","99","15851.880","16012.000","15916.940","15946.940","30.000","bitrate_reduction","50_percent","0.5","media/rfscVS0vtbw/moment-099-reference.mp4","media/rfscVS0vtbw/moment-099-bitrate_reduction-50_percent.mp4","","","","",""
"rfscVS0vtbw","99","15851.880","16012.000","15916.940","15946.940","30.000","bitrate_reduction","25_percent","0.75","media/rfscVS0vtbw/moment-099-reference.mp4","media/rfscVS0vtbw/moment-099-bitrate_reduction-25_percent.mp4","","","","",""
"rfscVS0vtbw","99","15851.880","16012.000","15916.940","15946.940","30.000","resolution_reduction","50_percent","0.5","media/rfscVS0vtbw/moment-099-reference.mp4","media/rfscVS0vtbw/moment-099-resolution_reduction-50_percent.mp4","","","","",""
"rfscVS0vtbw","99","15851.880","16012.000","15916.940","15946.940","30.000","resolution_reduction","25_percent","0.75","media/rfscVS0vtbw/moment-099-reference.mp4","media/rfscVS0vtbw/moment-099-resolution_reduction-25_percent.mp4","","","","",""
"fKxG8KjH1Qg","35","88.550","91.080","74.815","104.815","30.000","rebuffering","2s","2","media/fKxG8KjH1Qg/moment-035-reference.mp4","media/fKxG8KjH1Qg/moment-035-rebuffering-2s.mp4","","","","",""
"fKxG8KjH1Qg","35","88.550","91.080","74.815","104.815","30.000","rebuffering","5s","5","media/fKxG8KjH1Qg/moment-035-reference.mp4","media/fKxG8KjH1Qg/moment-035-rebuffering-5s.mp4","","","","",""
"fKxG8KjH1Qg","35","88.550","91.080","74.815","104.815","30.000","bitrate_reduction","50_percent","0.5","media/fKxG8KjH1Qg/moment-035-reference.mp4","media/fKxG8KjH1Qg/moment-035-bitrate_reduction-50_percent.mp4","","","","",""
"fKxG8KjH1Qg","35","88.550","91.080","74.815","104.815","30.000","bitrate_reduction","25_percent","0.75","media/fKxG8KjH1Qg/moment-035-reference.mp4","media/fKxG8KjH1Qg/moment-035-bitrate_reduction-25_percent.mp4","","","","",""
"fKxG8KjH1Qg","35","88.550","91.080","74.815","104.815","30.000","resolution_reduction","50_percent","0.5","media/fKxG8KjH1Qg/moment-035-reference.mp4","media/fKxG8KjH1Qg/moment-035-resolution_reduction-50_percent.mp4","","","","",""
"fKxG8KjH1Qg","35","88.550","91.080","74.815","104.815","30.000","resolution_reduction","25_percent","0.75","media/fKxG8KjH1Qg/moment-035-reference.mp4","media/fKxG8KjH1Qg/moment-035-resolution_reduction-25_percent.mp4","","","","",""
"fKxG8KjH1Qg","51","129.030","131.560","115.295","145.295","30.000","rebuffering","2s","2","media/fKxG8KjH1Qg/moment-051-reference.mp4","media/fKxG8KjH1Qg/moment-051-rebuffering-2s.mp4","","","","",""
"fKxG8KjH1Qg","51","129.030","131.560","115.295","145.295","30.000","rebuffering","5s","5","media/fKxG8KjH1Qg/moment-051-reference.mp4","media/fKxG8KjH1Qg/moment-051-rebuffering-5s.mp4","","","","",""
"fKxG8KjH1Qg","51","129.030","131.560","115.295","145.295","30.000","bitrate_reduction","50_percent","0.5","media/fKxG8KjH1Qg/moment-051-reference.mp4","media/fKxG8KjH1Qg/moment-051-bitrate_reduction-50_percent.mp4","","","","",""
"fKxG8KjH1Qg","51","129.030","131.560","115.295","145.295","30.000","bitrate_reduction","25_percent","0.75","media/fKxG8KjH1Qg/moment-051-reference.mp4","media/fKxG8KjH1Qg/moment-051-bitrate_reduction-25_percent.mp4","","","","",""
"fKxG8KjH1Qg","51","129.030","131.560","115.295","145.295","30.000","resolution_reduction","50_percent","0.5","media/fKxG8KjH1Qg/moment-051-reference.mp4","media/fKxG8KjH1Qg/moment-051-resolution_reduction-50_percent.mp4","","","","",""
"fKxG8KjH1Qg","51","129.030","131.560","115.295","145.295","30.000","resolution_reduction","25_percent","0.75","media/fKxG8KjH1Qg/moment-051-reference.mp4","media/fKxG8KjH1Qg/moment-051-resolution_reduction-25_percent.mp4","","","","",""
"fKxG8KjH1Qg","98","247.940","250.470","223.000","253.000","30.000","rebuffering","2s","2","media/fKxG8KjH1Qg/moment-098-reference.mp4","media/fKxG8KjH1Qg/moment-098-rebuffering-2s.mp4","","","","",""
"fKxG8KjH1Qg","98","247.940","250.470","223.000","253.000","30.000","rebuffering","5s","5","media/fKxG8KjH1Qg/moment-098-reference.mp4","media/fKxG8KjH1Qg/moment-098-rebuffering-5s.mp4","","","","",""
"fKxG8KjH1Qg","98","247.940","250.470","223.000","253.000","30.000","bitrate_reduction","50_percent","0.5","media/fKxG8KjH1Qg/moment-098-reference.mp4","media/fKxG8KjH1Qg/moment-098-bitrate_reduction-50_percent.mp4","","","","",""
"fKxG8KjH1Qg","98","247.940","250.470","223.000","253.000","30.000","bitrate_reduction","25_percent","0.75","media/fKxG8KjH1Qg/moment-098-reference.mp4","media/fKxG8KjH1Qg/moment-098-bitrate_reduction-25_percent.mp4","","","","",""
"fKxG8KjH1Qg","98","247.940","250.470","223.000","253.000","30.000","resolution_reduction","50_percent","0.5","media/fKxG8KjH1Qg/moment-098-reference.mp4","media/fKxG8KjH1Qg/moment-098-resolution_reduction-50_percent.mp4","","","","",""
"fKxG8KjH1Qg","98","247.940","250.470","223.000","253.000","30.000","resolution_reduction","25_percent","0.75","media/fKxG8KjH1Qg/moment-098-reference.mp4","media/fKxG8KjH1Qg/moment-098-resolution_reduction-25_percent.mp4","","","","",""
"fKxG8KjH1Qg","82","207.460","209.990","193.725","223.725","30.000","rebuffering","2s","2","media/fKxG8KjH1Qg/moment-082-reference.mp4","media/fKxG8KjH1Qg/moment-082-rebuffering-2s.mp4","","","","",""
"fKxG8KjH1Qg","82","207.460","209.990","193.725","223.725","30.000","rebuffering","5s","5","media/fKxG8KjH1Qg/moment-082-reference.mp4","media/fKxG8KjH1Qg/moment-082-rebuffering-5s.mp4","","","","",""
"fKxG8KjH1Qg","82","207.460","209.990","193.725","223.725","30.000","bitrate_reduction","50_percent","0.5","media/fKxG8KjH1Qg/moment-082-reference.mp4","media/fKxG8KjH1Qg/moment-082-bitrate_reduction-50_percent.mp4","","","","",""
"fKxG8KjH1Qg","82","207.460","209.990","193.725","223.725","30.000","bitrate_reduction","25_percent","0.75","media/fKxG8KjH1Qg/moment-082-reference.mp4","media/fKxG8KjH1Qg/moment-082-bitrate_reduction-25_percent.mp4","","","","",""
"fKxG8KjH1Qg","82","207.460","209.990","193.725","223.725","30.000","resolution_reduction","50_percent","0.5","media/fKxG8KjH1Qg/moment-082-reference.mp4","media/fKxG8KjH1Qg/moment-082-resolution_reduction-50_percent.mp4","","","","",""
"fKxG8KjH1Qg","82","207.460","209.990","193.725","223.725","30.000","resolution_reduction","25_percent","0.75","media/fKxG8KjH1Qg/moment-082-reference.mp4","media/fKxG8KjH1Qg/moment-082-resolution_reduction-25_percent.mp4","","","","",""
