"videoId","binIndex","segmentStartSeconds","segmentEndSeconds","impairment","severity","severityValue","referenceClipPath","impairedClipPath","vmafDelta","ssimDelta","psnrDelta","rebufferDurationSeconds","computationalQoeScore"
"q89vpZ1kwpM","48","105.600","107.800","rebuffering","2s","2","media/q89vpZ1kwpM/bin-048-reference.mp4","media/q89vpZ1kwpM/bin-048-rebuffering-2s.mp4","","","","",""
"q89vpZ1kwpM","48","105.600","107.800","rebuffering","5s","5","media/q89vpZ1kwpM/bin-048-reference.mp4","media/q89vpZ1kwpM/bin-048-rebuffering-5s.mp4","","","","",""
"q89vpZ1kwpM","48","105.600","107.800","bitrate_reduction","50_percent","0.5","media/q89vpZ1kwpM/bin-048-reference.mp4","media/q89vpZ1kwpM/bin-048-bitrate_reduction-50_percent.mp4","","","","",""
"q89vpZ1kwpM","48","105.600","107.800","bitrate_reduction","25_percent","0.75","media/q89vpZ1kwpM/bin-048-reference.mp4","media/q89vpZ1kwpM/bin-048-bitrate_reduction-25_percent.mp4","","","","",""
"q89vpZ1kwpM","48","105.600","107.800","resolution_reduction","50_percent","0.5","media/q89vpZ1kwpM/bin-048-reference.mp4","media/q89vpZ1kwpM/bin-048-resolution_reduction-50_percent.mp4","","","","",""
"q89vpZ1kwpM","48","105.600","107.800","resolution_reduction","25_percent","0.75","media/q89vpZ1kwpM/bin-048-reference.mp4","media/q89vpZ1kwpM/bin-048-resolution_reduction-25_percent.mp4","","","","",""
"q89vpZ1kwpM","99","217.800","220.000","rebuffering","2s","2","media/q89vpZ1kwpM/bin-099-reference.mp4","media/q89vpZ1kwpM/bin-099-rebuffering-2s.mp4","","","","",""
"q89vpZ1kwpM","99","217.800","220.000","rebuffering","5s","5","media/q89vpZ1kwpM/bin-099-reference.mp4","media/q89vpZ1kwpM/bin-099-rebuffering-5s.mp4","","","","",""
"q89vpZ1kwpM","99","217.800","220.000","bitrate_reduction","50_percent","0.5","media/q89vpZ1kwpM/bin-099-reference.mp4","media/q89vpZ1kwpM/bin-099-bitrate_reduction-50_percent.mp4","","","","",""
"q89vpZ1kwpM","99","217.800","220.000","bitrate_reduction","25_percent","0.75","media/q89vpZ1kwpM/bin-099-reference.mp4","media/q89vpZ1kwpM/bin-099-bitrate_reduction-25_percent.mp4","","","","",""
"q89vpZ1kwpM","99","217.800","220.000","resolution_reduction","50_percent","0.5","media/q89vpZ1kwpM/bin-099-reference.mp4","media/q89vpZ1kwpM/bin-099-resolution_reduction-50_percent.mp4","","","","",""
"q89vpZ1kwpM","99","217.800","220.000","resolution_reduction","25_percent","0.75","media/q89vpZ1kwpM/bin-099-reference.mp4","media/q89vpZ1kwpM/bin-099-resolution_reduction-25_percent.mp4","","","","",""
"q89vpZ1kwpM","7","15.400","17.600","rebuffering","2s","2","media/q89vpZ1kwpM/bin-007-reference.mp4","media/q89vpZ1kwpM/bin-007-rebuffering-2s.mp4","","","","",""
"q89vpZ1kwpM","7","15.400","17.600","rebuffering","5s","5","media/q89vpZ1kwpM/bin-007-reference.mp4","media/q89vpZ1kwpM/bin-007-rebuffering-5s.mp4","","","","",""
"q89vpZ1kwpM","7","15.400","17.600","bitrate_reduction","50_percent","0.5","media/q89vpZ1kwpM/bin-007-reference.mp4","media/q89vpZ1kwpM/bin-007-bitrate_reduction-50_percent.mp4","","","","",""
"q89vpZ1kwpM","7","15.400","17.600","bitrate_reduction","25_percent","0.75","media/q89vpZ1kwpM/bin-007-reference.mp4","media/q89vpZ1kwpM/bin-007-bitrate_reduction-25_percent.mp4","","","","",""
"q89vpZ1kwpM","7","15.400","17.600","resolution_reduction","50_percent","0.5","media/q89vpZ1kwpM/bin-007-reference.mp4","media/q89vpZ1kwpM/bin-007-resolution_reduction-50_percent.mp4","","","","",""
"q89vpZ1kwpM","7","15.400","17.600","resolution_reduction","25_percent","0.75","media/q89vpZ1kwpM/bin-007-reference.mp4","media/q89vpZ1kwpM/bin-007-resolution_reduction-25_percent.mp4","","","","",""
"q89vpZ1kwpM","37","81.400","83.600","rebuffering","2s","2","media/q89vpZ1kwpM/bin-037-reference.mp4","media/q89vpZ1kwpM/bin-037-rebuffering-2s.mp4","","","","",""
"q89vpZ1kwpM","37","81.400","83.600","rebuffering","5s","5","media/q89vpZ1kwpM/bin-037-reference.mp4","media/q89vpZ1kwpM/bin-037-rebuffering-5s.mp4","","","","",""
"q89vpZ1kwpM","37","81.400","83.600","bitrate_reduction","50_percent","0.5","media/q89vpZ1kwpM/bin-037-reference.mp4","media/q89vpZ1kwpM/bin-037-bitrate_reduction-50_percent.mp4","","","","",""
"q89vpZ1kwpM","37","81.400","83.600","bitrate_reduction","25_percent","0.75","media/q89vpZ1kwpM/bin-037-reference.mp4","media/q89vpZ1kwpM/bin-037-bitrate_reduction-25_percent.mp4","","","","",""
"q89vpZ1kwpM","37","81.400","83.600","resolution_reduction","50_percent","0.5","media/q89vpZ1kwpM/bin-037-reference.mp4","media/q89vpZ1kwpM/bin-037-resolution_reduction-50_percent.mp4","","","","",""
"q89vpZ1kwpM","37","81.400","83.600","resolution_reduction","25_percent","0.75","media/q89vpZ1kwpM/bin-037-reference.mp4","media/q89vpZ1kwpM/bin-037-resolution_reduction-25_percent.mp4","","","","",""
"rzj4FFi7wt8","92","838.120","847.230","rebuffering","2s","2","media/rzj4FFi7wt8/bin-092-reference.mp4","media/rzj4FFi7wt8/bin-092-rebuffering-2s.mp4","","","","",""
"rzj4FFi7wt8","92","838.120","847.230","rebuffering","5s","5","media/rzj4FFi7wt8/bin-092-reference.mp4","media/rzj4FFi7wt8/bin-092-rebuffering-5s.mp4","","","","",""
"rzj4FFi7wt8","92","838.120","847.230","bitrate_reduction","50_percent","0.5","media/rzj4FFi7wt8/bin-092-reference.mp4","media/rzj4FFi7wt8/bin-092-bitrate_reduction-50_percent.mp4","","","","",""
"rzj4FFi7wt8","92","838.120","847.230","bitrate_reduction","25_percent","0.75","media/rzj4FFi7wt8/bin-092-reference.mp4","media/rzj4FFi7wt8/bin-092-bitrate_reduction-25_percent.mp4","","","","",""
"rzj4FFi7wt8","92","838.120","847.230","resolution_reduction","50_percent","0.5","media/rzj4FFi7wt8/bin-092-reference.mp4","media/rzj4FFi7wt8/bin-092-resolution_reduction-50_percent.mp4","","","","",""
"rzj4FFi7wt8","92","838.120","847.230","resolution_reduction","25_percent","0.75","media/rzj4FFi7wt8/bin-092-reference.mp4","media/rzj4FFi7wt8/bin-092-resolution_reduction-25_percent.mp4","","","","",""
"rzj4FFi7wt8","53","482.830","491.940","rebuffering","2s","2","media/rzj4FFi7wt8/bin-053-reference.mp4","media/rzj4FFi7wt8/bin-053-rebuffering-2s.mp4","","","","",""
"rzj4FFi7wt8","53","482.830","491.940","rebuffering","5s","5","media/rzj4FFi7wt8/bin-053-reference.mp4","media/rzj4FFi7wt8/bin-053-rebuffering-5s.mp4","","","","",""
"rzj4FFi7wt8","53","482.830","491.940","bitrate_reduction","50_percent","0.5","media/rzj4FFi7wt8/bin-053-reference.mp4","media/rzj4FFi7wt8/bin-053-bitrate_reduction-50_percent.mp4","","","","",""
"rzj4FFi7wt8","53","482.830","491.940","bitrate_reduction","25_percent","0.75","media/rzj4FFi7wt8/bin-053-reference.mp4","media/rzj4FFi7wt8/bin-053-bitrate_reduction-25_percent.mp4","","","","",""
"rzj4FFi7wt8","53","482.830","491.940","resolution_reduction","50_percent","0.5","media/rzj4FFi7wt8/bin-053-reference.mp4","media/rzj4FFi7wt8/bin-053-resolution_reduction-50_percent.mp4","","","","",""
"rzj4FFi7wt8","53","482.830","491.940","resolution_reduction","25_percent","0.75","media/rzj4FFi7wt8/bin-053-reference.mp4","media/rzj4FFi7wt8/bin-053-resolution_reduction-25_percent.mp4","","","","",""
"rzj4FFi7wt8","76","692.360","701.470","rebuffering","2s","2","media/rzj4FFi7wt8/bin-076-reference.mp4","media/rzj4FFi7wt8/bin-076-rebuffering-2s.mp4","","","","",""
"rzj4FFi7wt8","76","692.360","701.470","rebuffering","5s","5","media/rzj4FFi7wt8/bin-076-reference.mp4","media/rzj4FFi7wt8/bin-076-rebuffering-5s.mp4","","","","",""
"rzj4FFi7wt8","76","692.360","701.470","bitrate_reduction","50_percent","0.5","media/rzj4FFi7wt8/bin-076-reference.mp4","media/rzj4FFi7wt8/bin-076-bitrate_reduction-50_percent.mp4","","","","",""
"rzj4FFi7wt8","76","692.360","701.470","bitrate_reduction","25_percent","0.75","media/rzj4FFi7wt8/bin-076-reference.mp4","media/rzj4FFi7wt8/bin-076-bitrate_reduction-25_percent.mp4","","","","",""
"rzj4FFi7wt8","76","692.360","701.470","resolution_reduction","50_percent","0.5","media/rzj4FFi7wt8/bin-076-reference.mp4","media/rzj4FFi7wt8/bin-076-resolution_reduction-50_percent.mp4","","","","",""
"rzj4FFi7wt8","76","692.360","701.470","resolution_reduction","25_percent","0.75","media/rzj4FFi7wt8/bin-076-reference.mp4","media/rzj4FFi7wt8/bin-076-resolution_reduction-25_percent.mp4","","","","",""
"rzj4FFi7wt8","39","355.290","364.400","rebuffering","2s","2","media/rzj4FFi7wt8/bin-039-reference.mp4","media/rzj4FFi7wt8/bin-039-rebuffering-2s.mp4","","","","",""
"rzj4FFi7wt8","39","355.290","364.400","rebuffering","5s","5","media/rzj4FFi7wt8/bin-039-reference.mp4","media/rzj4FFi7wt8/bin-039-rebuffering-5s.mp4","","","","",""
"rzj4FFi7wt8","39","355.290","364.400","bitrate_reduction","50_percent","0.5","media/rzj4FFi7wt8/bin-039-reference.mp4","media/rzj4FFi7wt8/bin-039-bitrate_reduction-50_percent.mp4","","","","",""
"rzj4FFi7wt8","39","355.290","364.400","bitrate_reduction","25_percent","0.75","media/rzj4FFi7wt8/bin-039-reference.mp4","media/rzj4FFi7wt8/bin-039-bitrate_reduction-25_percent.mp4","","","","",""
"rzj4FFi7wt8","39","355.290","364.400","resolution_reduction","50_percent","0.5","media/rzj4FFi7wt8/bin-039-reference.mp4","media/rzj4FFi7wt8/bin-039-resolution_reduction-50_percent.mp4","","","","",""
"rzj4FFi7wt8","39","355.290","364.400","resolution_reduction","25_percent","0.75","media/rzj4FFi7wt8/bin-039-reference.mp4","media/rzj4FFi7wt8/bin-039-resolution_reduction-25_percent.mp4","","","","",""
"aE4BdIP6bvc","35","302.400","311.040","rebuffering","2s","2","media/aE4BdIP6bvc/bin-035-reference.mp4","media/aE4BdIP6bvc/bin-035-rebuffering-2s.mp4","","","","",""
"aE4BdIP6bvc","35","302.400","311.040","rebuffering","5s","5","media/aE4BdIP6bvc/bin-035-reference.mp4","media/aE4BdIP6bvc/bin-035-rebuffering-5s.mp4","","","","",""
"aE4BdIP6bvc","35","302.400","311.040","bitrate_reduction","50_percent","0.5","media/aE4BdIP6bvc/bin-035-reference.mp4","media/aE4BdIP6bvc/bin-035-bitrate_reduction-50_percent.mp4","","","","",""
"aE4BdIP6bvc","35","302.400","311.040","bitrate_reduction","25_percent","0.75","media/aE4BdIP6bvc/bin-035-reference.mp4","media/aE4BdIP6bvc/bin-035-bitrate_reduction-25_percent.mp4","","","","",""
"aE4BdIP6bvc","35","302.400","311.040","resolution_reduction","50_percent","0.5","media/aE4BdIP6bvc/bin-035-reference.mp4","media/aE4BdIP6bvc/bin-035-resolution_reduction-50_percent.mp4","","","","",""
"aE4BdIP6bvc","35","302.400","311.040","resolution_reduction","25_percent","0.75","media/aE4BdIP6bvc/bin-035-reference.mp4","media/aE4BdIP6bvc/bin-035-resolution_reduction-25_percent.mp4","","","","",""
"aE4BdIP6bvc","3","25.920","34.560","rebuffering","2s","2","media/aE4BdIP6bvc/bin-003-reference.mp4","media/aE4BdIP6bvc/bin-003-rebuffering-2s.mp4","","","","",""
"aE4BdIP6bvc","3","25.920","34.560","rebuffering","5s","5","media/aE4BdIP6bvc/bin-003-reference.mp4","media/aE4BdIP6bvc/bin-003-rebuffering-5s.mp4","","","","",""
"aE4BdIP6bvc","3","25.920","34.560","bitrate_reduction","50_percent","0.5","media/aE4BdIP6bvc/bin-003-reference.mp4","media/aE4BdIP6bvc/bin-003-bitrate_reduction-50_percent.mp4","","","","",""
"aE4BdIP6bvc","3","25.920","34.560","bitrate_reduction","25_percent","0.75","media/aE4BdIP6bvc/bin-003-reference.mp4","media/aE4BdIP6bvc/bin-003-bitrate_reduction-25_percent.mp4","","","","",""
"aE4BdIP6bvc","3","25.920","34.560","resolution_reduction","50_percent","0.5","media/aE4BdIP6bvc/bin-003-reference.mp4","media/aE4BdIP6bvc/bin-003-resolution_reduction-50_percent.mp4","","","","",""
"aE4BdIP6bvc","3","25.920","34.560","resolution_reduction","25_percent","0.75","media/aE4BdIP6bvc/bin-003-reference.mp4","media/aE4BdIP6bvc/bin-003-resolution_reduction-25_percent.mp4","","","","",""
"aE4BdIP6bvc","79","682.560","691.200","rebuffering","2s","2","media/aE4BdIP6bvc/bin-079-reference.mp4","media/aE4BdIP6bvc/bin-079-rebuffering-2s.mp4","","","","",""
"aE4BdIP6bvc","79","682.560","691.200","rebuffering","5s","5","media/aE4BdIP6bvc/bin-079-reference.mp4","media/aE4BdIP6bvc/bin-079-rebuffering-5s.mp4","","","","",""
"aE4BdIP6bvc","79","682.560","691.200","bitrate_reduction","50_percent","0.5","media/aE4BdIP6bvc/bin-079-reference.mp4","media/aE4BdIP6bvc/bin-079-bitrate_reduction-50_percent.mp4","","","","",""
"aE4BdIP6bvc","79","682.560","691.200","bitrate_reduction","25_percent","0.75","media/aE4BdIP6bvc/bin-079-reference.mp4","media/aE4BdIP6bvc/bin-079-bitrate_reduction-25_percent.mp4","","","","",""
"aE4BdIP6bvc","79","682.560","691.200","resolution_reduction","50_percent","0.5","media/aE4BdIP6bvc/bin-079-reference.mp4","media/aE4BdIP6bvc/bin-079-resolution_reduction-50_percent.mp4","","","","",""
"aE4BdIP6bvc","79","682.560","691.200","resolution_reduction","25_percent","0.75","media/aE4BdIP6bvc/bin-079-reference.mp4","media/aE4BdIP6bvc/bin-079-resolution_reduction-25_percent.mp4","","","","",""
"aE4BdIP6bvc","63","544.320","552.960","rebuffering","2s","2","media/aE4BdIP6bvc/bin-063-reference.mp4","media/aE4BdIP6bvc/bin-063-rebuffering-2s.mp4","","","","",""
"aE4BdIP6bvc","63","544.320","552.960","rebuffering","5s","5","media/aE4BdIP6bvc/bin-063-reference.mp4","media/aE4BdIP6bvc/bin-063-rebuffering-5s.mp4","","","","",""
"aE4BdIP6bvc","63","544.320","552.960","bitrate_reduction","50_percent","0.5","media/aE4BdIP6bvc/bin-063-reference.mp4","media/aE4BdIP6bvc/bin-063-bitrate_reduction-50_percent.mp4","","","","",""
"aE4BdIP6bvc","63","544.320","552.960","bitrate_reduction","25_percent","0.75","media/aE4BdIP6bvc/bin-063-reference.mp4","media/aE4BdIP6bvc/bin-063-bitrate_reduction-25_percent.mp4","","","","",""
"aE4BdIP6bvc","63","544.320","552.960","resolution_reduction","50_percent","0.5","media/aE4BdIP6bvc/bin-063-reference.mp4","media/aE4BdIP6bvc/bin-063-resolution_reduction-50_percent.mp4","","","","",""
"aE4BdIP6bvc","63","544.320","552.960","resolution_reduction","25_percent","0.75","media/aE4BdIP6bvc/bin-063-reference.mp4","media/aE4BdIP6bvc/bin-063-resolution_reduction-25_percent.mp4","","","","",""
"ecKnyyuMsmw","26","108.940","113.130","rebuffering","2s","2","media/ecKnyyuMsmw/bin-026-reference.mp4","media/ecKnyyuMsmw/bin-026-rebuffering-2s.mp4","","","","",""
"ecKnyyuMsmw","26","108.940","113.130","rebuffering","5s","5","media/ecKnyyuMsmw/bin-026-reference.mp4","media/ecKnyyuMsmw/bin-026-rebuffering-5s.mp4","","","","",""
"ecKnyyuMsmw","26","108.940","113.130","bitrate_reduction","50_percent","0.5","media/ecKnyyuMsmw/bin-026-reference.mp4","media/ecKnyyuMsmw/bin-026-bitrate_reduction-50_percent.mp4","","","","",""
"ecKnyyuMsmw","26","108.940","113.130","bitrate_reduction","25_percent","0.75","media/ecKnyyuMsmw/bin-026-reference.mp4","media/ecKnyyuMsmw/bin-026-bitrate_reduction-25_percent.mp4","","","","",""
"ecKnyyuMsmw","26","108.940","113.130","resolution_reduction","50_percent","0.5","media/ecKnyyuMsmw/bin-026-reference.mp4","media/ecKnyyuMsmw/bin-026-resolution_reduction-50_percent.mp4","","","","",""
"ecKnyyuMsmw","26","108.940","113.130","resolution_reduction","25_percent","0.75","media/ecKnyyuMsmw/bin-026-reference.mp4","media/ecKnyyuMsmw/bin-026-resolution_reduction-25_percent.mp4","","","","",""
"ecKnyyuMsmw","18","75.420","79.610","rebuffering","2s","2","media/ecKnyyuMsmw/bin-018-reference.mp4","media/ecKnyyuMsmw/bin-018-rebuffering-2s.mp4","","","","",""
"ecKnyyuMsmw","18","75.420","79.610","rebuffering","5s","5","media/ecKnyyuMsmw/bin-018-reference.mp4","media/ecKnyyuMsmw/bin-018-rebuffering-5s.mp4","","","","",""
"ecKnyyuMsmw","18","75.420","79.610","bitrate_reduction","50_percent","0.5","media/ecKnyyuMsmw/bin-018-reference.mp4","media/ecKnyyuMsmw/bin-018-bitrate_reduction-50_percent.mp4","","","","",""
"ecKnyyuMsmw","18","75.420","79.610","bitrate_reduction","25_percent","0.75","media/ecKnyyuMsmw/bin-018-reference.mp4","media/ecKnyyuMsmw/bin-018-bitrate_reduction-25_percent.mp4","","","","",""
"ecKnyyuMsmw","18","75.420","79.610","resolution_reduction","50_percent","0.5","media/ecKnyyuMsmw/bin-018-reference.mp4","media/ecKnyyuMsmw/bin-018-resolution_reduction-50_percent.mp4","","","","",""
"ecKnyyuMsmw","18","75.420","79.610","resolution_reduction","25_percent","0.75","media/ecKnyyuMsmw/bin-018-reference.mp4","media/ecKnyyuMsmw/bin-018-resolution_reduction-25_percent.mp4","","","","",""
"ecKnyyuMsmw","98","410.620","414.810","rebuffering","2s","2","media/ecKnyyuMsmw/bin-098-reference.mp4","media/ecKnyyuMsmw/bin-098-rebuffering-2s.mp4","","","","",""
"ecKnyyuMsmw","98","410.620","414.810","rebuffering","5s","5","media/ecKnyyuMsmw/bin-098-reference.mp4","media/ecKnyyuMsmw/bin-098-rebuffering-5s.mp4","","","","",""
"ecKnyyuMsmw","98","410.620","414.810","bitrate_reduction","50_percent","0.5","media/ecKnyyuMsmw/bin-098-reference.mp4","media/ecKnyyuMsmw/bin-098-bitrate_reduction-50_percent.mp4","","","","",""
"ecKnyyuMsmw","98","410.620","414.810","bitrate_reduction","25_percent","0.75","media/ecKnyyuMsmw/bin-098-reference.mp4","media/ecKnyyuMsmw/bin-098-bitrate_reduction-25_percent.mp4","","","","",""
"ecKnyyuMsmw","98","410.620","414.810","resolution_reduction","50_percent","0.5","media/ecKnyyuMsmw/bin-098-reference.mp4","media/ecKnyyuMsmw/bin-098-resolution_reduction-50_percent.mp4","","","","",""
"ecKnyyuMsmw","98","410.620","414.810","resolution_reduction","25_percent","0.75","media/ecKnyyuMsmw/bin-098-reference.mp4","media/ecKnyyuMsmw/bin-098-resolution_reduction-25_percent.mp4","","","","",""
"ecKnyyuMsmw","56","234.640","238.830","rebuffering","2s","2","media/ecKnyyuMsmw/bin-056-reference.mp4","media/ecKnyyuMsmw/bin-056-rebuffering-2s.mp4","","","","",""
"ecKnyyuMsmw","56","234.640","238.830","rebuffering","5s","5","media/ecKnyyuMsmw/bin-056-reference.mp4","media/ecKnyyuMsmw/bin-056-rebuffering-5s.mp4","","","","",""
"ecKnyyuMsmw","56","234.640","238.830","bitrate_reduction","50_percent","0.5","media/ecKnyyuMsmw/bin-056-reference.mp4","media/ecKnyyuMsmw/bin-056-bitrate_reduction-50_percent.mp4","","","","",""
"ecKnyyuMsmw","56","234.640","238.830","bitrate_reduction","25_percent","0.75","media/ecKnyyuMsmw/bin-056-reference.mp4","media/ecKnyyuMsmw/bin-056-bitrate_reduction-25_percent.mp4","","","","",""
"ecKnyyuMsmw","56","234.640","238.830","resolution_reduction","50_percent","0.5","media/ecKnyyuMsmw/bin-056-reference.mp4","media/ecKnyyuMsmw/bin-056-resolution_reduction-50_percent.mp4","","","","",""
"ecKnyyuMsmw","56","234.640","238.830","resolution_reduction","25_percent","0.75","media/ecKnyyuMsmw/bin-056-reference.mp4","media/ecKnyyuMsmw/bin-056-resolution_reduction-25_percent.mp4","","","","",""
"5qjnDd1rsII","99","1093.950","1105.000","rebuffering","2s","2","media/5qjnDd1rsII/bin-099-reference.mp4","media/5qjnDd1rsII/bin-099-rebuffering-2s.mp4","","","","",""
"5qjnDd1rsII","99","1093.950","1105.000","rebuffering","5s","5","media/5qjnDd1rsII/bin-099-reference.mp4","media/5qjnDd1rsII/bin-099-rebuffering-5s.mp4","","","","",""
"5qjnDd1rsII","99","1093.950","1105.000","bitrate_reduction","50_percent","0.5","media/5qjnDd1rsII/bin-099-reference.mp4","media/5qjnDd1rsII/bin-099-bitrate_reduction-50_percent.mp4","","","","",""
"5qjnDd1rsII","99","1093.950","1105.000","bitrate_reduction","25_percent","0.75","media/5qjnDd1rsII/bin-099-reference.mp4","media/5qjnDd1rsII/bin-099-bitrate_reduction-25_percent.mp4","","","","",""
"5qjnDd1rsII","99","1093.950","1105.000","resolution_reduction","50_percent","0.5","media/5qjnDd1rsII/bin-099-reference.mp4","media/5qjnDd1rsII/bin-099-resolution_reduction-50_percent.mp4","","","","",""
"5qjnDd1rsII","99","1093.950","1105.000","resolution_reduction","25_percent","0.75","media/5qjnDd1rsII/bin-099-reference.mp4","media/5qjnDd1rsII/bin-099-resolution_reduction-25_percent.mp4","","","","",""
"5qjnDd1rsII","0","0.000","11.050","rebuffering","2s","2","media/5qjnDd1rsII/bin-000-reference.mp4","media/5qjnDd1rsII/bin-000-rebuffering-2s.mp4","","","","",""
"5qjnDd1rsII","0","0.000","11.050","rebuffering","5s","5","media/5qjnDd1rsII/bin-000-reference.mp4","media/5qjnDd1rsII/bin-000-rebuffering-5s.mp4","","","","",""
"5qjnDd1rsII","0","0.000","11.050","bitrate_reduction","50_percent","0.5","media/5qjnDd1rsII/bin-000-reference.mp4","media/5qjnDd1rsII/bin-000-bitrate_reduction-50_percent.mp4","","","","",""
"5qjnDd1rsII","0","0.000","11.050","bitrate_reduction","25_percent","0.75","media/5qjnDd1rsII/bin-000-reference.mp4","media/5qjnDd1rsII/bin-000-bitrate_reduction-25_percent.mp4","","","","",""
"5qjnDd1rsII","0","0.000","11.050","resolution_reduction","50_percent","0.5","media/5qjnDd1rsII/bin-000-reference.mp4","media/5qjnDd1rsII/bin-000-resolution_reduction-50_percent.mp4","","","","",""
"5qjnDd1rsII","0","0.000","11.050","resolution_reduction","25_percent","0.75","media/5qjnDd1rsII/bin-000-reference.mp4","media/5qjnDd1rsII/bin-000-resolution_reduction-25_percent.mp4","","","","",""
"5qjnDd1rsII","86","950.300","961.350","rebuffering","2s","2","media/5qjnDd1rsII/bin-086-reference.mp4","media/5qjnDd1rsII/bin-086-rebuffering-2s.mp4","","","","",""
"5qjnDd1rsII","86","950.300","961.350","rebuffering","5s","5","media/5qjnDd1rsII/bin-086-reference.mp4","media/5qjnDd1rsII/bin-086-rebuffering-5s.mp4","","","","",""
"5qjnDd1rsII","86","950.300","961.350","bitrate_reduction","50_percent","0.5","media/5qjnDd1rsII/bin-086-reference.mp4","media/5qjnDd1rsII/bin-086-bitrate_reduction-50_percent.mp4","","","","",""
"5qjnDd1rsII","86","950.300","961.350","bitrate_reduction","25_percent","0.75","media/5qjnDd1rsII/bin-086-reference.mp4","media/5qjnDd1rsII/bin-086-bitrate_reduction-25_percent.mp4","","","","",""
"5qjnDd1rsII","86","950.300","961.350","resolution_reduction","50_percent","0.5","media/5qjnDd1rsII/bin-086-reference.mp4","media/5qjnDd1rsII/bin-086-resolution_reduction-50_percent.mp4","","","","",""
"5qjnDd1rsII","86","950.300","961.350","resolution_reduction","25_percent","0.75","media/5qjnDd1rsII/bin-086-reference.mp4","media/5qjnDd1rsII/bin-086-resolution_reduction-25_percent.mp4","","","","",""
"5qjnDd1rsII","57","629.850","640.900","rebuffering","2s","2","media/5qjnDd1rsII/bin-057-reference.mp4","media/5qjnDd1rsII/bin-057-rebuffering-2s.mp4","","","","",""
"5qjnDd1rsII","57","629.850","640.900","rebuffering","5s","5","media/5qjnDd1rsII/bin-057-reference.mp4","media/5qjnDd1rsII/bin-057-rebuffering-5s.mp4","","","","",""
"5qjnDd1rsII","57","629.850","640.900","bitrate_reduction","50_percent","0.5","media/5qjnDd1rsII/bin-057-reference.mp4","media/5qjnDd1rsII/bin-057-bitrate_reduction-50_percent.mp4","","","","",""
"5qjnDd1rsII","57","629.850","640.900","bitrate_reduction","25_percent","0.75","media/5qjnDd1rsII/bin-057-reference.mp4","media/5qjnDd1rsII/bin-057-bitrate_reduction-25_percent.mp4","","","","",""
"5qjnDd1rsII","57","629.850","640.900","resolution_reduction","50_percent","0.5","media/5qjnDd1rsII/bin-057-reference.mp4","media/5qjnDd1rsII/bin-057-resolution_reduction-50_percent.mp4","","","","",""
"5qjnDd1rsII","57","629.850","640.900","resolution_reduction","25_percent","0.75","media/5qjnDd1rsII/bin-057-reference.mp4","media/5qjnDd1rsII/bin-057-resolution_reduction-25_percent.mp4","","","","",""
"iOztnsBPrAA","90","957.600","968.240","rebuffering","2s","2","media/iOztnsBPrAA/bin-090-reference.mp4","media/iOztnsBPrAA/bin-090-rebuffering-2s.mp4","","","","",""
"iOztnsBPrAA","90","957.600","968.240","rebuffering","5s","5","media/iOztnsBPrAA/bin-090-reference.mp4","media/iOztnsBPrAA/bin-090-rebuffering-5s.mp4","","","","",""
"iOztnsBPrAA","90","957.600","968.240","bitrate_reduction","50_percent","0.5","media/iOztnsBPrAA/bin-090-reference.mp4","media/iOztnsBPrAA/bin-090-bitrate_reduction-50_percent.mp4","","","","",""
"iOztnsBPrAA","90","957.600","968.240","bitrate_reduction","25_percent","0.75","media/iOztnsBPrAA/bin-090-reference.mp4","media/iOztnsBPrAA/bin-090-bitrate_reduction-25_percent.mp4","","","","",""
"iOztnsBPrAA","90","957.600","968.240","resolution_reduction","50_percent","0.5","media/iOztnsBPrAA/bin-090-reference.mp4","media/iOztnsBPrAA/bin-090-resolution_reduction-50_percent.mp4","","","","",""
"iOztnsBPrAA","90","957.600","968.240","resolution_reduction","25_percent","0.75","media/iOztnsBPrAA/bin-090-reference.mp4","media/iOztnsBPrAA/bin-090-resolution_reduction-25_percent.mp4","","","","",""
"iOztnsBPrAA","3","31.920","42.560","rebuffering","2s","2","media/iOztnsBPrAA/bin-003-reference.mp4","media/iOztnsBPrAA/bin-003-rebuffering-2s.mp4","","","","",""
"iOztnsBPrAA","3","31.920","42.560","rebuffering","5s","5","media/iOztnsBPrAA/bin-003-reference.mp4","media/iOztnsBPrAA/bin-003-rebuffering-5s.mp4","","","","",""
"iOztnsBPrAA","3","31.920","42.560","bitrate_reduction","50_percent","0.5","media/iOztnsBPrAA/bin-003-reference.mp4","media/iOztnsBPrAA/bin-003-bitrate_reduction-50_percent.mp4","","","","",""
"iOztnsBPrAA","3","31.920","42.560","bitrate_reduction","25_percent","0.75","media/iOztnsBPrAA/bin-003-reference.mp4","media/iOztnsBPrAA/bin-003-bitrate_reduction-25_percent.mp4","","","","",""
"iOztnsBPrAA","3","31.920","42.560","resolution_reduction","50_percent","0.5","media/iOztnsBPrAA/bin-003-reference.mp4","media/iOztnsBPrAA/bin-003-resolution_reduction-50_percent.mp4","","","","",""
"iOztnsBPrAA","3","31.920","42.560","resolution_reduction","25_percent","0.75","media/iOztnsBPrAA/bin-003-reference.mp4","media/iOztnsBPrAA/bin-003-resolution_reduction-25_percent.mp4","","","","",""
"iOztnsBPrAA","98","1042.720","1053.360","rebuffering","2s","2","media/iOztnsBPrAA/bin-098-reference.mp4","media/iOztnsBPrAA/bin-098-rebuffering-2s.mp4","","","","",""
"iOztnsBPrAA","98","1042.720","1053.360","rebuffering","5s","5","media/iOztnsBPrAA/bin-098-reference.mp4","media/iOztnsBPrAA/bin-098-rebuffering-5s.mp4","","","","",""
"iOztnsBPrAA","98","1042.720","1053.360","bitrate_reduction","50_percent","0.5","media/iOztnsBPrAA/bin-098-reference.mp4","media/iOztnsBPrAA/bin-098-bitrate_reduction-50_percent.mp4","","","","",""
"iOztnsBPrAA","98","1042.720","1053.360","bitrate_reduction","25_percent","0.75","media/iOztnsBPrAA/bin-098-reference.mp4","media/iOztnsBPrAA/bin-098-bitrate_reduction-25_percent.mp4","","","","",""
"iOztnsBPrAA","98","1042.720","1053.360","resolution_reduction","50_percent","0.5","media/iOztnsBPrAA/bin-098-reference.mp4","media/iOztnsBPrAA/bin-098-resolution_reduction-50_percent.mp4","","","","",""
"iOztnsBPrAA","98","1042.720","1053.360","resolution_reduction","25_percent","0.75","media/iOztnsBPrAA/bin-098-reference.mp4","media/iOztnsBPrAA/bin-098-resolution_reduction-25_percent.mp4","","","","",""
"iOztnsBPrAA","24","255.360","266.000","rebuffering","2s","2","media/iOztnsBPrAA/bin-024-reference.mp4","media/iOztnsBPrAA/bin-024-rebuffering-2s.mp4","","","","",""
"iOztnsBPrAA","24","255.360","266.000","rebuffering","5s","5","media/iOztnsBPrAA/bin-024-reference.mp4","media/iOztnsBPrAA/bin-024-rebuffering-5s.mp4","","","","",""
"iOztnsBPrAA","24","255.360","266.000","bitrate_reduction","50_percent","0.5","media/iOztnsBPrAA/bin-024-reference.mp4","media/iOztnsBPrAA/bin-024-bitrate_reduction-50_percent.mp4","","","","",""
"iOztnsBPrAA","24","255.360","266.000","bitrate_reduction","25_percent","0.75","media/iOztnsBPrAA/bin-024-reference.mp4","media/iOztnsBPrAA/bin-024-bitrate_reduction-25_percent.mp4","","","","",""
"iOztnsBPrAA","24","255.360","266.000","resolution_reduction","50_percent","0.5","media/iOztnsBPrAA/bin-024-reference.mp4","media/iOztnsBPrAA/bin-024-resolution_reduction-50_percent.mp4","","","","",""
"iOztnsBPrAA","24","255.360","266.000","resolution_reduction","25_percent","0.75","media/iOztnsBPrAA/bin-024-reference.mp4","media/iOztnsBPrAA/bin-024-resolution_reduction-25_percent.mp4","","","","",""
"hDkuUZ3F1GU","78","2303.340","2332.870","rebuffering","2s","2","media/hDkuUZ3F1GU/bin-078-reference.mp4","media/hDkuUZ3F1GU/bin-078-rebuffering-2s.mp4","","","","",""
"hDkuUZ3F1GU","78","2303.340","2332.870","rebuffering","5s","5","media/hDkuUZ3F1GU/bin-078-reference.mp4","media/hDkuUZ3F1GU/bin-078-rebuffering-5s.mp4","","","","",""
"hDkuUZ3F1GU","78","2303.340","2332.870","bitrate_reduction","50_percent","0.5","media/hDkuUZ3F1GU/bin-078-reference.mp4","media/hDkuUZ3F1GU/bin-078-bitrate_reduction-50_percent.mp4","","","","",""
"hDkuUZ3F1GU","78","2303.340","2332.870","bitrate_reduction","25_percent","0.75","media/hDkuUZ3F1GU/bin-078-reference.mp4","media/hDkuUZ3F1GU/bin-078-bitrate_reduction-25_percent.mp4","","","","",""
"hDkuUZ3F1GU","78","2303.340","2332.870","resolution_reduction","50_percent","0.5","media/hDkuUZ3F1GU/bin-078-reference.mp4","media/hDkuUZ3F1GU/bin-078-resolution_reduction-50_percent.mp4","","","","",""
"hDkuUZ3F1GU","78","2303.340","2332.870","resolution_reduction","25_percent","0.75","media/hDkuUZ3F1GU/bin-078-reference.mp4","media/hDkuUZ3F1GU/bin-078-resolution_reduction-25_percent.mp4","","","","",""
"hDkuUZ3F1GU","97","2864.410","2893.940","rebuffering","2s","2","media/hDkuUZ3F1GU/bin-097-reference.mp4","media/hDkuUZ3F1GU/bin-097-rebuffering-2s.mp4","","","","",""
"hDkuUZ3F1GU","97","2864.410","2893.940","rebuffering","5s","5","media/hDkuUZ3F1GU/bin-097-reference.mp4","media/hDkuUZ3F1GU/bin-097-rebuffering-5s.mp4","","","","",""
"hDkuUZ3F1GU","97","2864.410","2893.940","bitrate_reduction","50_percent","0.5","media/hDkuUZ3F1GU/bin-097-reference.mp4","media/hDkuUZ3F1GU/bin-097-bitrate_reduction-50_percent.mp4","","","","",""
"hDkuUZ3F1GU","97","2864.410","2893.940","bitrate_reduction","25_percent","0.75","media/hDkuUZ3F1GU/bin-097-reference.mp4","media/hDkuUZ3F1GU/bin-097-bitrate_reduction-25_percent.mp4","","","","",""
"hDkuUZ3F1GU","97","2864.410","2893.940","resolution_reduction","50_percent","0.5","media/hDkuUZ3F1GU/bin-097-reference.mp4","media/hDkuUZ3F1GU/bin-097-resolution_reduction-50_percent.mp4","","","","",""
"hDkuUZ3F1GU","97","2864.410","2893.940","resolution_reduction","25_percent","0.75","media/hDkuUZ3F1GU/bin-097-reference.mp4","media/hDkuUZ3F1GU/bin-097-resolution_reduction-25_percent.mp4","","","","",""
"hDkuUZ3F1GU","3","88.590","118.120","rebuffering","2s","2","media/hDkuUZ3F1GU/bin-003-reference.mp4","media/hDkuUZ3F1GU/bin-003-rebuffering-2s.mp4","","","","",""
"hDkuUZ3F1GU","3","88.590","118.120","rebuffering","5s","5","media/hDkuUZ3F1GU/bin-003-reference.mp4","media/hDkuUZ3F1GU/bin-003-rebuffering-5s.mp4","","","","",""
"hDkuUZ3F1GU","3","88.590","118.120","bitrate_reduction","50_percent","0.5","media/hDkuUZ3F1GU/bin-003-reference.mp4","media/hDkuUZ3F1GU/bin-003-bitrate_reduction-50_percent.mp4","","","","",""
"hDkuUZ3F1GU","3","88.590","118.120","bitrate_reduction","25_percent","0.75","media/hDkuUZ3F1GU/bin-003-reference.mp4","media/hDkuUZ3F1GU/bin-003-bitrate_reduction-25_percent.mp4","","","","",""
"hDkuUZ3F1GU","3","88.590","118.120","resolution_reduction","50_percent","0.5","media/hDkuUZ3F1GU/bin-003-reference.mp4","media/hDkuUZ3F1GU/bin-003-resolution_reduction-50_percent.mp4","","","","",""
"hDkuUZ3F1GU","3","88.590","118.120","resolution_reduction","25_percent","0.75","media/hDkuUZ3F1GU/bin-003-reference.mp4","media/hDkuUZ3F1GU/bin-003-resolution_reduction-25_percent.mp4","","","","",""
"hDkuUZ3F1GU","87","2569.110","2598.640","rebuffering","2s","2","media/hDkuUZ3F1GU/bin-087-reference.mp4","media/hDkuUZ3F1GU/bin-087-rebuffering-2s.mp4","","","","",""
"hDkuUZ3F1GU","87","2569.110","2598.640","rebuffering","5s","5","media/hDkuUZ3F1GU/bin-087-reference.mp4","media/hDkuUZ3F1GU/bin-087-rebuffering-5s.mp4","","","","",""
"hDkuUZ3F1GU","87","2569.110","2598.640","bitrate_reduction","50_percent","0.5","media/hDkuUZ3F1GU/bin-087-reference.mp4","media/hDkuUZ3F1GU/bin-087-bitrate_reduction-50_percent.mp4","","","","",""
"hDkuUZ3F1GU","87","2569.110","2598.640","bitrate_reduction","25_percent","0.75","media/hDkuUZ3F1GU/bin-087-reference.mp4","media/hDkuUZ3F1GU/bin-087-bitrate_reduction-25_percent.mp4","","","","",""
"hDkuUZ3F1GU","87","2569.110","2598.640","resolution_reduction","50_percent","0.5","media/hDkuUZ3F1GU/bin-087-reference.mp4","media/hDkuUZ3F1GU/bin-087-resolution_reduction-50_percent.mp4","","","","",""
"hDkuUZ3F1GU","87","2569.110","2598.640","resolution_reduction","25_percent","0.75","media/hDkuUZ3F1GU/bin-087-reference.mp4","media/hDkuUZ3F1GU/bin-087-resolution_reduction-25_percent.mp4","","","","",""
"tylNqtyj0gs","96","2407.680","2432.760","rebuffering","2s","2","media/tylNqtyj0gs/bin-096-reference.mp4","media/tylNqtyj0gs/bin-096-rebuffering-2s.mp4","","","","",""
"tylNqtyj0gs","96","2407.680","2432.760","rebuffering","5s","5","media/tylNqtyj0gs/bin-096-reference.mp4","media/tylNqtyj0gs/bin-096-rebuffering-5s.mp4","","","","",""
"tylNqtyj0gs","96","2407.680","2432.760","bitrate_reduction","50_percent","0.5","media/tylNqtyj0gs/bin-096-reference.mp4","media/tylNqtyj0gs/bin-096-bitrate_reduction-50_percent.mp4","","","","",""
"tylNqtyj0gs","96","2407.680","2432.760","bitrate_reduction","25_percent","0.75","media/tylNqtyj0gs/bin-096-reference.mp4","media/tylNqtyj0gs/bin-096-bitrate_reduction-25_percent.mp4","","","","",""
"tylNqtyj0gs","96","2407.680","2432.760","resolution_reduction","50_percent","0.5","media/tylNqtyj0gs/bin-096-reference.mp4","media/tylNqtyj0gs/bin-096-resolution_reduction-50_percent.mp4","","","","",""
"tylNqtyj0gs","96","2407.680","2432.760","resolution_reduction","25_percent","0.75","media/tylNqtyj0gs/bin-096-reference.mp4","media/tylNqtyj0gs/bin-096-resolution_reduction-25_percent.mp4","","","","",""
"tylNqtyj0gs","76","1906.080","1931.160","rebuffering","2s","2","media/tylNqtyj0gs/bin-076-reference.mp4","media/tylNqtyj0gs/bin-076-rebuffering-2s.mp4","","","","",""
"tylNqtyj0gs","76","1906.080","1931.160","rebuffering","5s","5","media/tylNqtyj0gs/bin-076-reference.mp4","media/tylNqtyj0gs/bin-076-rebuffering-5s.mp4","","","","",""
"tylNqtyj0gs","76","1906.080","1931.160","bitrate_reduction","50_percent","0.5","media/tylNqtyj0gs/bin-076-reference.mp4","media/tylNqtyj0gs/bin-076-bitrate_reduction-50_percent.mp4","","","","",""
"tylNqtyj0gs","76","1906.080","1931.160","bitrate_reduction","25_percent","0.75","media/tylNqtyj0gs/bin-076-reference.mp4","media/tylNqtyj0gs/bin-076-bitrate_reduction-25_percent.mp4","","","","",""
"tylNqtyj0gs","76","1906.080","1931.160","resolution_reduction","50_percent","0.5","media/tylNqtyj0gs/bin-076-reference.mp4","media/tylNqtyj0gs/bin-076-resolution_reduction-50_percent.mp4","","","","",""
"tylNqtyj0gs","76","1906.080","1931.160","resolution_reduction","25_percent","0.75","media/tylNqtyj0gs/bin-076-reference.mp4","media/tylNqtyj0gs/bin-076-resolution_reduction-25_percent.mp4","","","","",""
"tylNqtyj0gs","81","2031.480","2056.560","rebuffering","2s","2","media/tylNqtyj0gs/bin-081-reference.mp4","media/tylNqtyj0gs/bin-081-rebuffering-2s.mp4","","","","",""
"tylNqtyj0gs","81","2031.480","2056.560","rebuffering","5s","5","media/tylNqtyj0gs/bin-081-reference.mp4","media/tylNqtyj0gs/bin-081-rebuffering-5s.mp4","","","","",""
"tylNqtyj0gs","81","2031.480","2056.560","bitrate_reduction","50_percent","0.5","media/tylNqtyj0gs/bin-081-reference.mp4","media/tylNqtyj0gs/bin-081-bitrate_reduction-50_percent.mp4","","","","",""
"tylNqtyj0gs","81","2031.480","2056.560","bitrate_reduction","25_percent","0.75","media/tylNqtyj0gs/bin-081-reference.mp4","media/tylNqtyj0gs/bin-081-bitrate_reduction-25_percent.mp4","","","","",""
"tylNqtyj0gs","81","2031.480","2056.560","resolution_reduction","50_percent","0.5","media/tylNqtyj0gs/bin-081-reference.mp4","media/tylNqtyj0gs/bin-081-resolution_reduction-50_percent.mp4","","","","",""
"tylNqtyj0gs","81","2031.480","2056.560","resolution_reduction","25_percent","0.75","media/tylNqtyj0gs/bin-081-reference.mp4","media/tylNqtyj0gs/bin-081-resolution_reduction-25_percent.mp4","","","","",""
"tylNqtyj0gs","40","1003.200","1028.280","rebuffering","2s","2","media/tylNqtyj0gs/bin-040-reference.mp4","media/tylNqtyj0gs/bin-040-rebuffering-2s.mp4","","","","",""
"tylNqtyj0gs","40","1003.200","1028.280","rebuffering","5s","5","media/tylNqtyj0gs/bin-040-reference.mp4","media/tylNqtyj0gs/bin-040-rebuffering-5s.mp4","","","","",""
"tylNqtyj0gs","40","1003.200","1028.280","bitrate_reduction","50_percent","0.5","media/tylNqtyj0gs/bin-040-reference.mp4","media/tylNqtyj0gs/bin-040-bitrate_reduction-50_percent.mp4","","","","",""
"tylNqtyj0gs","40","1003.200","1028.280","bitrate_reduction","25_percent","0.75","media/tylNqtyj0gs/bin-040-reference.mp4","media/tylNqtyj0gs/bin-040-bitrate_reduction-25_percent.mp4","","","","",""
"tylNqtyj0gs","40","1003.200","1028.280","resolution_reduction","50_percent","0.5","media/tylNqtyj0gs/bin-040-reference.mp4","media/tylNqtyj0gs/bin-040-resolution_reduction-50_percent.mp4","","","","",""
"tylNqtyj0gs","40","1003.200","1028.280","resolution_reduction","25_percent","0.75","media/tylNqtyj0gs/bin-040-reference.mp4","media/tylNqtyj0gs/bin-040-resolution_reduction-25_percent.mp4","","","","",""
"BF2TZq-ntRQ","75","558.750","566.200","rebuffering","2s","2","media/BF2TZq-ntRQ/bin-075-reference.mp4","media/BF2TZq-ntRQ/bin-075-rebuffering-2s.mp4","","","","",""
"BF2TZq-ntRQ","75","558.750","566.200","rebuffering","5s","5","media/BF2TZq-ntRQ/bin-075-reference.mp4","media/BF2TZq-ntRQ/bin-075-rebuffering-5s.mp4","","","","",""
"BF2TZq-ntRQ","75","558.750","566.200","bitrate_reduction","50_percent","0.5","media/BF2TZq-ntRQ/bin-075-reference.mp4","media/BF2TZq-ntRQ/bin-075-bitrate_reduction-50_percent.mp4","","","","",""
"BF2TZq-ntRQ","75","558.750","566.200","bitrate_reduction","25_percent","0.75","media/BF2TZq-ntRQ/bin-075-reference.mp4","media/BF2TZq-ntRQ/bin-075-bitrate_reduction-25_percent.mp4","","","","",""
"BF2TZq-ntRQ","75","558.750","566.200","resolution_reduction","50_percent","0.5","media/BF2TZq-ntRQ/bin-075-reference.mp4","media/BF2TZq-ntRQ/bin-075-resolution_reduction-50_percent.mp4","","","","",""
"BF2TZq-ntRQ","75","558.750","566.200","resolution_reduction","25_percent","0.75","media/BF2TZq-ntRQ/bin-075-reference.mp4","media/BF2TZq-ntRQ/bin-075-resolution_reduction-25_percent.mp4","","","","",""
"BF2TZq-ntRQ","66","491.700","499.150","rebuffering","2s","2","media/BF2TZq-ntRQ/bin-066-reference.mp4","media/BF2TZq-ntRQ/bin-066-rebuffering-2s.mp4","","","","",""
"BF2TZq-ntRQ","66","491.700","499.150","rebuffering","5s","5","media/BF2TZq-ntRQ/bin-066-reference.mp4","media/BF2TZq-ntRQ/bin-066-rebuffering-5s.mp4","","","","",""
"BF2TZq-ntRQ","66","491.700","499.150","bitrate_reduction","50_percent","0.5","media/BF2TZq-ntRQ/bin-066-reference.mp4","media/BF2TZq-ntRQ/bin-066-bitrate_reduction-50_percent.mp4","","","","",""
"BF2TZq-ntRQ","66","491.700","499.150","bitrate_reduction","25_percent","0.75","media/BF2TZq-ntRQ/bin-066-reference.mp4","media/BF2TZq-ntRQ/bin-066-bitrate_reduction-25_percent.mp4","","","","",""
"BF2TZq-ntRQ","66","491.700","499.150","resolution_reduction","50_percent","0.5","media/BF2TZq-ntRQ/bin-066-reference.mp4","media/BF2TZq-ntRQ/bin-066-resolution_reduction-50_percent.mp4","","","","",""
"BF2TZq-ntRQ","66","491.700","499.150","resolution_reduction","25_percent","0.75","media/BF2TZq-ntRQ/bin-066-reference.mp4","media/BF2TZq-ntRQ/bin-066-resolution_reduction-25_percent.mp4","","","","",""
"BF2TZq-ntRQ","98","730.100","737.550","rebuffering","2s","2","media/BF2TZq-ntRQ/bin-098-reference.mp4","media/BF2TZq-ntRQ/bin-098-rebuffering-2s.mp4","","","","",""
"BF2TZq-ntRQ","98","730.100","737.550","rebuffering","5s","5","media/BF2TZq-ntRQ/bin-098-reference.mp4","media/BF2TZq-ntRQ/bin-098-rebuffering-5s.mp4","","","","",""
"BF2TZq-ntRQ","98","730.100","737.550","bitrate_reduction","50_percent","0.5","media/BF2TZq-ntRQ/bin-098-reference.mp4","media/BF2TZq-ntRQ/bin-098-bitrate_reduction-50_percent.mp4","","","","",""
"BF2TZq-ntRQ","98","730.100","737.550","bitrate_reduction","25_percent","0.75","media/BF2TZq-ntRQ/bin-098-reference.mp4","media/BF2TZq-ntRQ/bin-098-bitrate_reduction-25_percent.mp4","","","","",""
"BF2TZq-ntRQ","98","730.100","737.550","resolution_reduction","50_percent","0.5","media/BF2TZq-ntRQ/bin-098-reference.mp4","media/BF2TZq-ntRQ/bin-098-resolution_reduction-50_percent.mp4","","","","",""
"BF2TZq-ntRQ","98","730.100","737.550","resolution_reduction","25_percent","0.75","media/BF2TZq-ntRQ/bin-098-reference.mp4","media/BF2TZq-ntRQ/bin-098-resolution_reduction-25_percent.mp4","","","","",""
"BF2TZq-ntRQ","54","402.300","409.750","rebuffering","2s","2","media/BF2TZq-ntRQ/bin-054-reference.mp4","media/BF2TZq-ntRQ/bin-054-rebuffering-2s.mp4","","","","",""
"BF2TZq-ntRQ","54","402.300","409.750","rebuffering","5s","5","media/BF2TZq-ntRQ/bin-054-reference.mp4","media/BF2TZq-ntRQ/bin-054-rebuffering-5s.mp4","","","","",""
"BF2TZq-ntRQ","54","402.300","409.750","bitrate_reduction","50_percent","0.5","media/BF2TZq-ntRQ/bin-054-reference.mp4","media/BF2TZq-ntRQ/bin-054-bitrate_reduction-50_percent.mp4","","","","",""
"BF2TZq-ntRQ","54","402.300","409.750","bitrate_reduction","25_percent","0.75","media/BF2TZq-ntRQ/bin-054-reference.mp4","media/BF2TZq-ntRQ/bin-054-bitrate_reduction-25_percent.mp4","","","","",""
"BF2TZq-ntRQ","54","402.300","409.750","resolution_reduction","50_percent","0.5","media/BF2TZq-ntRQ/bin-054-reference.mp4","media/BF2TZq-ntRQ/bin-054-resolution_reduction-50_percent.mp4","","","","",""
"BF2TZq-ntRQ","54","402.300","409.750","resolution_reduction","25_percent","0.75","media/BF2TZq-ntRQ/bin-054-reference.mp4","media/BF2TZq-ntRQ/bin-054-resolution_reduction-25_percent.mp4","","","","",""
"w2itwFJCgFQ","64","620.160","629.850","rebuffering","2s","2","media/w2itwFJCgFQ/bin-064-reference.mp4","media/w2itwFJCgFQ/bin-064-rebuffering-2s.mp4","","","","",""
"w2itwFJCgFQ","64","620.160","629.850","rebuffering","5s","5","media/w2itwFJCgFQ/bin-064-reference.mp4","media/w2itwFJCgFQ/bin-064-rebuffering-5s.mp4","","","","",""
"w2itwFJCgFQ","64","620.160","629.850","bitrate_reduction","50_percent","0.5","media/w2itwFJCgFQ/bin-064-reference.mp4","media/w2itwFJCgFQ/bin-064-bitrate_reduction-50_percent.mp4","","","","",""
"w2itwFJCgFQ","64","620.160","629.850","bitrate_reduction","25_percent","0.75","media/w2itwFJCgFQ/bin-064-reference.mp4","media/w2itwFJCgFQ/bin-064-bitrate_reduction-25_percent.mp4","","","","",""
"w2itwFJCgFQ","64","620.160","629.850","resolution_reduction","50_percent","0.5","media/w2itwFJCgFQ/bin-064-reference.mp4","media/w2itwFJCgFQ/bin-064-resolution_reduction-50_percent.mp4","","","","",""
"w2itwFJCgFQ","64","620.160","629.850","resolution_reduction","25_percent","0.75","media/w2itwFJCgFQ/bin-064-reference.mp4","media/w2itwFJCgFQ/bin-064-resolution_reduction-25_percent.mp4","","","","",""
"w2itwFJCgFQ","34","329.460","339.150","rebuffering","2s","2","media/w2itwFJCgFQ/bin-034-reference.mp4","media/w2itwFJCgFQ/bin-034-rebuffering-2s.mp4","","","","",""
"w2itwFJCgFQ","34","329.460","339.150","rebuffering","5s","5","media/w2itwFJCgFQ/bin-034-reference.mp4","media/w2itwFJCgFQ/bin-034-rebuffering-5s.mp4","","","","",""
"w2itwFJCgFQ","34","329.460","339.150","bitrate_reduction","50_percent","0.5","media/w2itwFJCgFQ/bin-034-reference.mp4","media/w2itwFJCgFQ/bin-034-bitrate_reduction-50_percent.mp4","","","","",""
"w2itwFJCgFQ","34","329.460","339.150","bitrate_reduction","25_percent","0.75","media/w2itwFJCgFQ/bin-034-reference.mp4","media/w2itwFJCgFQ/bin-034-bitrate_reduction-25_percent.mp4","","","","",""
"w2itwFJCgFQ","34","329.460","339.150","resolution_reduction","50_percent","0.5","media/w2itwFJCgFQ/bin-034-reference.mp4","media/w2itwFJCgFQ/bin-034-resolution_reduction-50_percent.mp4","","","","",""
"w2itwFJCgFQ","34","329.460","339.150","resolution_reduction","25_percent","0.75","media/w2itwFJCgFQ/bin-034-reference.mp4","media/w2itwFJCgFQ/bin-034-resolution_reduction-25_percent.mp4","","","","",""
"w2itwFJCgFQ","78","755.820","765.510","rebuffering","2s","2","media/w2itwFJCgFQ/bin-078-reference.mp4","media/w2itwFJCgFQ/bin-078-rebuffering-2s.mp4","","","","",""
"w2itwFJCgFQ","78","755.820","765.510","rebuffering","5s","5","media/w2itwFJCgFQ/bin-078-reference.mp4","media/w2itwFJCgFQ/bin-078-rebuffering-5s.mp4","","","","",""
"w2itwFJCgFQ","78","755.820","765.510","bitrate_reduction","50_percent","0.5","media/w2itwFJCgFQ/bin-078-reference.mp4","media/w2itwFJCgFQ/bin-078-bitrate_reduction-50_percent.mp4","","","","",""
"w2itwFJCgFQ","78","755.820","765.510","bitrate_reduction","25_percent","0.75","media/w2itwFJCgFQ/bin-078-reference.mp4","media/w2itwFJCgFQ/bin-078-bitrate_reduction-25_percent.mp4","","","","",""
"w2itwFJCgFQ","78","755.820","765.510","resolution_reduction","50_percent","0.5","media/w2itwFJCgFQ/bin-078-reference.mp4","media/w2itwFJCgFQ/bin-078-resolution_reduction-50_percent.mp4","","","","",""
"w2itwFJCgFQ","78","755.820","765.510","resolution_reduction","25_percent","0.75","media/w2itwFJCgFQ/bin-078-reference.mp4","media/w2itwFJCgFQ/bin-078-resolution_reduction-25_percent.mp4","","","","",""
"w2itwFJCgFQ","83","804.270","813.960","rebuffering","2s","2","media/w2itwFJCgFQ/bin-083-reference.mp4","media/w2itwFJCgFQ/bin-083-rebuffering-2s.mp4","","","","",""
"w2itwFJCgFQ","83","804.270","813.960","rebuffering","5s","5","media/w2itwFJCgFQ/bin-083-reference.mp4","media/w2itwFJCgFQ/bin-083-rebuffering-5s.mp4","","","","",""
"w2itwFJCgFQ","83","804.270","813.960","bitrate_reduction","50_percent","0.5","media/w2itwFJCgFQ/bin-083-reference.mp4","media/w2itwFJCgFQ/bin-083-bitrate_reduction-50_percent.mp4","","","","",""
"w2itwFJCgFQ","83","804.270","813.960","bitrate_reduction","25_percent","0.75","media/w2itwFJCgFQ/bin-083-reference.mp4","media/w2itwFJCgFQ/bin-083-bitrate_reduction-25_percent.mp4","","","","",""
"w2itwFJCgFQ","83","804.270","813.960","resolution_reduction","50_percent","0.5","media/w2itwFJCgFQ/bin-083-reference.mp4","media/w2itwFJCgFQ/bin-083-resolution_reduction-50_percent.mp4","","","","",""
"w2itwFJCgFQ","83","804.270","813.960","resolution_reduction","25_percent","0.75","media/w2itwFJCgFQ/bin-083-reference.mp4","media/w2itwFJCgFQ/bin-083-resolution_reduction-25_percent.mp4","","","","",""
"094y1Z2wpJg","56","744.240","757.530","rebuffering","2s","2","media/094y1Z2wpJg/bin-056-reference.mp4","media/094y1Z2wpJg/bin-056-rebuffering-2s.mp4","","","","",""
"094y1Z2wpJg","56","744.240","757.530","rebuffering","5s","5","media/094y1Z2wpJg/bin-056-reference.mp4","media/094y1Z2wpJg/bin-056-rebuffering-5s.mp4","","","","",""
"094y1Z2wpJg","56","744.240","757.530","bitrate_reduction","50_percent","0.5","media/094y1Z2wpJg/bin-056-reference.mp4","media/094y1Z2wpJg/bin-056-bitrate_reduction-50_percent.mp4","","","","",""
"094y1Z2wpJg","56","744.240","757.530","bitrate_reduction","25_percent","0.75","media/094y1Z2wpJg/bin-056-reference.mp4","media/094y1Z2wpJg/bin-056-bitrate_reduction-25_percent.mp4","","","","",""
"094y1Z2wpJg","56","744.240","757.530","resolution_reduction","50_percent","0.5","media/094y1Z2wpJg/bin-056-reference.mp4","media/094y1Z2wpJg/bin-056-resolution_reduction-50_percent.mp4","","","","",""
"094y1Z2wpJg","56","744.240","757.530","resolution_reduction","25_percent","0.75","media/094y1Z2wpJg/bin-056-reference.mp4","media/094y1Z2wpJg/bin-056-resolution_reduction-25_percent.mp4","","","","",""
"094y1Z2wpJg","99","1315.710","1329.000","rebuffering","2s","2","media/094y1Z2wpJg/bin-099-reference.mp4","media/094y1Z2wpJg/bin-099-rebuffering-2s.mp4","","","","",""
"094y1Z2wpJg","99","1315.710","1329.000","rebuffering","5s","5","media/094y1Z2wpJg/bin-099-reference.mp4","media/094y1Z2wpJg/bin-099-rebuffering-5s.mp4","","","","",""
"094y1Z2wpJg","99","1315.710","1329.000","bitrate_reduction","50_percent","0.5","media/094y1Z2wpJg/bin-099-reference.mp4","media/094y1Z2wpJg/bin-099-bitrate_reduction-50_percent.mp4","","","","",""
"094y1Z2wpJg","99","1315.710","1329.000","bitrate_reduction","25_percent","0.75","media/094y1Z2wpJg/bin-099-reference.mp4","media/094y1Z2wpJg/bin-099-bitrate_reduction-25_percent.mp4","","","","",""
"094y1Z2wpJg","99","1315.710","1329.000","resolution_reduction","50_percent","0.5","media/094y1Z2wpJg/bin-099-reference.mp4","media/094y1Z2wpJg/bin-099-resolution_reduction-50_percent.mp4","","","","",""
"094y1Z2wpJg","99","1315.710","1329.000","resolution_reduction","25_percent","0.75","media/094y1Z2wpJg/bin-099-reference.mp4","media/094y1Z2wpJg/bin-099-resolution_reduction-25_percent.mp4","","","","",""
"094y1Z2wpJg","77","1023.330","1036.620","rebuffering","2s","2","media/094y1Z2wpJg/bin-077-reference.mp4","media/094y1Z2wpJg/bin-077-rebuffering-2s.mp4","","","","",""
"094y1Z2wpJg","77","1023.330","1036.620","rebuffering","5s","5","media/094y1Z2wpJg/bin-077-reference.mp4","media/094y1Z2wpJg/bin-077-rebuffering-5s.mp4","","","","",""
"094y1Z2wpJg","77","1023.330","1036.620","bitrate_reduction","50_percent","0.5","media/094y1Z2wpJg/bin-077-reference.mp4","media/094y1Z2wpJg/bin-077-bitrate_reduction-50_percent.mp4","","","","",""
"094y1Z2wpJg","77","1023.330","1036.620","bitrate_reduction","25_percent","0.75","media/094y1Z2wpJg/bin-077-reference.mp4","media/094y1Z2wpJg/bin-077-bitrate_reduction-25_percent.mp4","","","","",""
"094y1Z2wpJg","77","1023.330","1036.620","resolution_reduction","50_percent","0.5","media/094y1Z2wpJg/bin-077-reference.mp4","media/094y1Z2wpJg/bin-077-resolution_reduction-50_percent.mp4","","","","",""
"094y1Z2wpJg","77","1023.330","1036.620","resolution_reduction","25_percent","0.75","media/094y1Z2wpJg/bin-077-reference.mp4","media/094y1Z2wpJg/bin-077-resolution_reduction-25_percent.mp4","","","","",""
"094y1Z2wpJg","94","1249.260","1262.550","rebuffering","2s","2","media/094y1Z2wpJg/bin-094-reference.mp4","media/094y1Z2wpJg/bin-094-rebuffering-2s.mp4","","","","",""
"094y1Z2wpJg","94","1249.260","1262.550","rebuffering","5s","5","media/094y1Z2wpJg/bin-094-reference.mp4","media/094y1Z2wpJg/bin-094-rebuffering-5s.mp4","","","","",""
"094y1Z2wpJg","94","1249.260","1262.550","bitrate_reduction","50_percent","0.5","media/094y1Z2wpJg/bin-094-reference.mp4","media/094y1Z2wpJg/bin-094-bitrate_reduction-50_percent.mp4","","","","",""
"094y1Z2wpJg","94","1249.260","1262.550","bitrate_reduction","25_percent","0.75","media/094y1Z2wpJg/bin-094-reference.mp4","media/094y1Z2wpJg/bin-094-bitrate_reduction-25_percent.mp4","","","","",""
"094y1Z2wpJg","94","1249.260","1262.550","resolution_reduction","50_percent","0.5","media/094y1Z2wpJg/bin-094-reference.mp4","media/094y1Z2wpJg/bin-094-resolution_reduction-50_percent.mp4","","","","",""
"094y1Z2wpJg","94","1249.260","1262.550","resolution_reduction","25_percent","0.75","media/094y1Z2wpJg/bin-094-reference.mp4","media/094y1Z2wpJg/bin-094-resolution_reduction-25_percent.mp4","","","","",""
"arj7oStGLkU","17","143.480","151.920","rebuffering","2s","2","media/arj7oStGLkU/bin-017-reference.mp4","media/arj7oStGLkU/bin-017-rebuffering-2s.mp4","","","","",""
"arj7oStGLkU","17","143.480","151.920","rebuffering","5s","5","media/arj7oStGLkU/bin-017-reference.mp4","media/arj7oStGLkU/bin-017-rebuffering-5s.mp4","","","","",""
"arj7oStGLkU","17","143.480","151.920","bitrate_reduction","50_percent","0.5","media/arj7oStGLkU/bin-017-reference.mp4","media/arj7oStGLkU/bin-017-bitrate_reduction-50_percent.mp4","","","","",""
"arj7oStGLkU","17","143.480","151.920","bitrate_reduction","25_percent","0.75","media/arj7oStGLkU/bin-017-reference.mp4","media/arj7oStGLkU/bin-017-bitrate_reduction-25_percent.mp4","","","","",""
"arj7oStGLkU","17","143.480","151.920","resolution_reduction","50_percent","0.5","media/arj7oStGLkU/bin-017-reference.mp4","media/arj7oStGLkU/bin-017-resolution_reduction-50_percent.mp4","","","","",""
"arj7oStGLkU","17","143.480","151.920","resolution_reduction","25_percent","0.75","media/arj7oStGLkU/bin-017-reference.mp4","media/arj7oStGLkU/bin-017-resolution_reduction-25_percent.mp4","","","","",""
"arj7oStGLkU","96","810.240","818.680","rebuffering","2s","2","media/arj7oStGLkU/bin-096-reference.mp4","media/arj7oStGLkU/bin-096-rebuffering-2s.mp4","","","","",""
"arj7oStGLkU","96","810.240","818.680","rebuffering","5s","5","media/arj7oStGLkU/bin-096-reference.mp4","media/arj7oStGLkU/bin-096-rebuffering-5s.mp4","","","","",""
"arj7oStGLkU","96","810.240","818.680","bitrate_reduction","50_percent","0.5","media/arj7oStGLkU/bin-096-reference.mp4","media/arj7oStGLkU/bin-096-bitrate_reduction-50_percent.mp4","","","","",""
"arj7oStGLkU","96","810.240","818.680","bitrate_reduction","25_percent","0.75","media/arj7oStGLkU/bin-096-reference.mp4","media/arj7oStGLkU/bin-096-bitrate_reduction-25_percent.mp4","","","","",""
"arj7oStGLkU","96","810.240","818.680","resolution_reduction","50_percent","0.5","media/arj7oStGLkU/bin-096-reference.mp4","media/arj7oStGLkU/bin-096-resolution_reduction-50_percent.mp4","","","","",""
"arj7oStGLkU","96","810.240","818.680","resolution_reduction","25_percent","0.75","media/arj7oStGLkU/bin-096-reference.mp4","media/arj7oStGLkU/bin-096-resolution_reduction-25_percent.mp4","","","","",""
"arj7oStGLkU","11","92.840","101.280","rebuffering","2s","2","media/arj7oStGLkU/bin-011-reference.mp4","media/arj7oStGLkU/bin-011-rebuffering-2s.mp4","","","","",""
"arj7oStGLkU","11","92.840","101.280","rebuffering","5s","5","media/arj7oStGLkU/bin-011-reference.mp4","media/arj7oStGLkU/bin-011-rebuffering-5s.mp4","","","","",""
"arj7oStGLkU","11","92.840","101.280","bitrate_reduction","50_percent","0.5","media/arj7oStGLkU/bin-011-reference.mp4","media/arj7oStGLkU/bin-011-bitrate_reduction-50_percent.mp4","","","","",""
"arj7oStGLkU","11","92.840","101.280","bitrate_reduction","25_percent","0.75","media/arj7oStGLkU/bin-011-reference.mp4","media/arj7oStGLkU/bin-011-bitrate_reduction-25_percent.mp4","","","","",""
"arj7oStGLkU","11","92.840","101.280","resolution_reduction","50_percent","0.5","media/arj7oStGLkU/bin-011-reference.mp4","media/arj7oStGLkU/bin-011-resolution_reduction-50_percent.mp4","","","","",""
"arj7oStGLkU","11","92.840","101.280","resolution_reduction","25_percent","0.75","media/arj7oStGLkU/bin-011-reference.mp4","media/arj7oStGLkU/bin-011-resolution_reduction-25_percent.mp4","","","","",""
"arj7oStGLkU","70","590.800","599.240","rebuffering","2s","2","media/arj7oStGLkU/bin-070-reference.mp4","media/arj7oStGLkU/bin-070-rebuffering-2s.mp4","","","","",""
"arj7oStGLkU","70","590.800","599.240","rebuffering","5s","5","media/arj7oStGLkU/bin-070-reference.mp4","media/arj7oStGLkU/bin-070-rebuffering-5s.mp4","","","","",""
"arj7oStGLkU","70","590.800","599.240","bitrate_reduction","50_percent","0.5","media/arj7oStGLkU/bin-070-reference.mp4","media/arj7oStGLkU/bin-070-bitrate_reduction-50_percent.mp4","","","","",""
"arj7oStGLkU","70","590.800","599.240","bitrate_reduction","25_percent","0.75","media/arj7oStGLkU/bin-070-reference.mp4","media/arj7oStGLkU/bin-070-bitrate_reduction-25_percent.mp4","","","","",""
"arj7oStGLkU","70","590.800","599.240","resolution_reduction","50_percent","0.5","media/arj7oStGLkU/bin-070-reference.mp4","media/arj7oStGLkU/bin-070-resolution_reduction-50_percent.mp4","","","","",""
"arj7oStGLkU","70","590.800","599.240","resolution_reduction","25_percent","0.75","media/arj7oStGLkU/bin-070-reference.mp4","media/arj7oStGLkU/bin-070-resolution_reduction-25_percent.mp4","","","","",""
"doNKdpo1vF8","99","297.990","301.000","rebuffering","2s","2","media/doNKdpo1vF8/bin-099-reference.mp4","media/doNKdpo1vF8/bin-099-rebuffering-2s.mp4","","","","",""
"doNKdpo1vF8","99","297.990","301.000","rebuffering","5s","5","media/doNKdpo1vF8/bin-099-reference.mp4","media/doNKdpo1vF8/bin-099-rebuffering-5s.mp4","","","","",""
"doNKdpo1vF8","99","297.990","301.000","bitrate_reduction","50_percent","0.5","media/doNKdpo1vF8/bin-099-reference.mp4","media/doNKdpo1vF8/bin-099-bitrate_reduction-50_percent.mp4","","","","",""
"doNKdpo1vF8","99","297.990","301.000","bitrate_reduction","25_percent","0.75","media/doNKdpo1vF8/bin-099-reference.mp4","media/doNKdpo1vF8/bin-099-bitrate_reduction-25_percent.mp4","","","","",""
"doNKdpo1vF8","99","297.990","301.000","resolution_reduction","50_percent","0.5","media/doNKdpo1vF8/bin-099-reference.mp4","media/doNKdpo1vF8/bin-099-resolution_reduction-50_percent.mp4","","","","",""
"doNKdpo1vF8","99","297.990","301.000","resolution_reduction","25_percent","0.75","media/doNKdpo1vF8/bin-099-reference.mp4","media/doNKdpo1vF8/bin-099-resolution_reduction-25_percent.mp4","","","","",""
"doNKdpo1vF8","37","111.370","114.380","rebuffering","2s","2","media/doNKdpo1vF8/bin-037-reference.mp4","media/doNKdpo1vF8/bin-037-rebuffering-2s.mp4","","","","",""
"doNKdpo1vF8","37","111.370","114.380","rebuffering","5s","5","media/doNKdpo1vF8/bin-037-reference.mp4","media/doNKdpo1vF8/bin-037-rebuffering-5s.mp4","","","","",""
"doNKdpo1vF8","37","111.370","114.380","bitrate_reduction","50_percent","0.5","media/doNKdpo1vF8/bin-037-reference.mp4","media/doNKdpo1vF8/bin-037-bitrate_reduction-50_percent.mp4","","","","",""
"doNKdpo1vF8","37","111.370","114.380","bitrate_reduction","25_percent","0.75","media/doNKdpo1vF8/bin-037-reference.mp4","media/doNKdpo1vF8/bin-037-bitrate_reduction-25_percent.mp4","","","","",""
"doNKdpo1vF8","37","111.370","114.380","resolution_reduction","50_percent","0.5","media/doNKdpo1vF8/bin-037-reference.mp4","media/doNKdpo1vF8/bin-037-resolution_reduction-50_percent.mp4","","","","",""
"doNKdpo1vF8","37","111.370","114.380","resolution_reduction","25_percent","0.75","media/doNKdpo1vF8/bin-037-reference.mp4","media/doNKdpo1vF8/bin-037-resolution_reduction-25_percent.mp4","","","","",""
"doNKdpo1vF8","94","282.940","285.950","rebuffering","2s","2","media/doNKdpo1vF8/bin-094-reference.mp4","media/doNKdpo1vF8/bin-094-rebuffering-2s.mp4","","","","",""
"doNKdpo1vF8","94","282.940","285.950","rebuffering","5s","5","media/doNKdpo1vF8/bin-094-reference.mp4","media/doNKdpo1vF8/bin-094-rebuffering-5s.mp4","","","","",""
"doNKdpo1vF8","94","282.940","285.950","bitrate_reduction","50_percent","0.5","media/doNKdpo1vF8/bin-094-reference.mp4","media/doNKdpo1vF8/bin-094-bitrate_reduction-50_percent.mp4","","","","",""
"doNKdpo1vF8","94","282.940","285.950","bitrate_reduction","25_percent","0.75","media/doNKdpo1vF8/bin-094-reference.mp4","media/doNKdpo1vF8/bin-094-bitrate_reduction-25_percent.mp4","","","","",""
"doNKdpo1vF8","94","282.940","285.950","resolution_reduction","50_percent","0.5","media/doNKdpo1vF8/bin-094-reference.mp4","media/doNKdpo1vF8/bin-094-resolution_reduction-50_percent.mp4","","","","",""
"doNKdpo1vF8","94","282.940","285.950","resolution_reduction","25_percent","0.75","media/doNKdpo1vF8/bin-094-reference.mp4","media/doNKdpo1vF8/bin-094-resolution_reduction-25_percent.mp4","","","","",""
"doNKdpo1vF8","88","264.880","267.890","rebuffering","2s","2","media/doNKdpo1vF8/bin-088-reference.mp4","media/doNKdpo1vF8/bin-088-rebuffering-2s.mp4","","","","",""
"doNKdpo1vF8","88","264.880","267.890","rebuffering","5s","5","media/doNKdpo1vF8/bin-088-reference.mp4","media/doNKdpo1vF8/bin-088-rebuffering-5s.mp4","","","","",""
"doNKdpo1vF8","88","264.880","267.890","bitrate_reduction","50_percent","0.5","media/doNKdpo1vF8/bin-088-reference.mp4","media/doNKdpo1vF8/bin-088-bitrate_reduction-50_percent.mp4","","","","",""
"doNKdpo1vF8","88","264.880","267.890","bitrate_reduction","25_percent","0.75","media/doNKdpo1vF8/bin-088-reference.mp4","media/doNKdpo1vF8/bin-088-bitrate_reduction-25_percent.mp4","","","","",""
"doNKdpo1vF8","88","264.880","267.890","resolution_reduction","50_percent","0.5","media/doNKdpo1vF8/bin-088-reference.mp4","media/doNKdpo1vF8/bin-088-resolution_reduction-50_percent.mp4","","","","",""
"doNKdpo1vF8","88","264.880","267.890","resolution_reduction","25_percent","0.75","media/doNKdpo1vF8/bin-088-reference.mp4","media/doNKdpo1vF8/bin-088-resolution_reduction-25_percent.mp4","","","","",""
"H-0RHqDWcJE","71","169.690","172.080","rebuffering","2s","2","media/H-0RHqDWcJE/bin-071-reference.mp4","media/H-0RHqDWcJE/bin-071-rebuffering-2s.mp4","","","","",""
"H-0RHqDWcJE","71","169.690","172.080","rebuffering","5s","5","media/H-0RHqDWcJE/bin-071-reference.mp4","media/H-0RHqDWcJE/bin-071-rebuffering-5s.mp4","","","","",""
"H-0RHqDWcJE","71","169.690","172.080","bitrate_reduction","50_percent","0.5","media/H-0RHqDWcJE/bin-071-reference.mp4","media/H-0RHqDWcJE/bin-071-bitrate_reduction-50_percent.mp4","","","","",""
"H-0RHqDWcJE","71","169.690","172.080","bitrate_reduction","25_percent","0.75","media/H-0RHqDWcJE/bin-071-reference.mp4","media/H-0RHqDWcJE/bin-071-bitrate_reduction-25_percent.mp4","","","","",""
"H-0RHqDWcJE","71","169.690","172.080","resolution_reduction","50_percent","0.5","media/H-0RHqDWcJE/bin-071-reference.mp4","media/H-0RHqDWcJE/bin-071-resolution_reduction-50_percent.mp4","","","","",""
"H-0RHqDWcJE","71","169.690","172.080","resolution_reduction","25_percent","0.75","media/H-0RHqDWcJE/bin-071-reference.mp4","media/H-0RHqDWcJE/bin-071-resolution_reduction-25_percent.mp4","","","","",""
"H-0RHqDWcJE","99","236.610","239.000","rebuffering","2s","2","media/H-0RHqDWcJE/bin-099-reference.mp4","media/H-0RHqDWcJE/bin-099-rebuffering-2s.mp4","","","","",""
"H-0RHqDWcJE","99","236.610","239.000","rebuffering","5s","5","media/H-0RHqDWcJE/bin-099-reference.mp4","media/H-0RHqDWcJE/bin-099-rebuffering-5s.mp4","","","","",""
"H-0RHqDWcJE","99","236.610","239.000","bitrate_reduction","50_percent","0.5","media/H-0RHqDWcJE/bin-099-reference.mp4","media/H-0RHqDWcJE/bin-099-bitrate_reduction-50_percent.mp4","","","","",""
"H-0RHqDWcJE","99","236.610","239.000","bitrate_reduction","25_percent","0.75","media/H-0RHqDWcJE/bin-099-reference.mp4","media/H-0RHqDWcJE/bin-099-bitrate_reduction-25_percent.mp4","","","","",""
"H-0RHqDWcJE","99","236.610","239.000","resolution_reduction","50_percent","0.5","media/H-0RHqDWcJE/bin-099-reference.mp4","media/H-0RHqDWcJE/bin-099-resolution_reduction-50_percent.mp4","","","","",""
"H-0RHqDWcJE","99","236.610","239.000","resolution_reduction","25_percent","0.75","media/H-0RHqDWcJE/bin-099-reference.mp4","media/H-0RHqDWcJE/bin-099-resolution_reduction-25_percent.mp4","","","","",""
"H-0RHqDWcJE","13","31.070","33.460","rebuffering","2s","2","media/H-0RHqDWcJE/bin-013-reference.mp4","media/H-0RHqDWcJE/bin-013-rebuffering-2s.mp4","","","","",""
"H-0RHqDWcJE","13","31.070","33.460","rebuffering","5s","5","media/H-0RHqDWcJE/bin-013-reference.mp4","media/H-0RHqDWcJE/bin-013-rebuffering-5s.mp4","","","","",""
"H-0RHqDWcJE","13","31.070","33.460","bitrate_reduction","50_percent","0.5","media/H-0RHqDWcJE/bin-013-reference.mp4","media/H-0RHqDWcJE/bin-013-bitrate_reduction-50_percent.mp4","","","","",""
"H-0RHqDWcJE","13","31.070","33.460","bitrate_reduction","25_percent","0.75","media/H-0RHqDWcJE/bin-013-reference.mp4","media/H-0RHqDWcJE/bin-013-bitrate_reduction-25_percent.mp4","","","","",""
"H-0RHqDWcJE","13","31.070","33.460","resolution_reduction","50_percent","0.5","media/H-0RHqDWcJE/bin-013-reference.mp4","media/H-0RHqDWcJE/bin-013-resolution_reduction-50_percent.mp4","","","","",""
"H-0RHqDWcJE","13","31.070","33.460","resolution_reduction","25_percent","0.75","media/H-0RHqDWcJE/bin-013-reference.mp4","media/H-0RHqDWcJE/bin-013-resolution_reduction-25_percent.mp4","","","","",""
"H-0RHqDWcJE","33","78.870","81.260","rebuffering","2s","2","media/H-0RHqDWcJE/bin-033-reference.mp4","media/H-0RHqDWcJE/bin-033-rebuffering-2s.mp4","","","","",""
"H-0RHqDWcJE","33","78.870","81.260","rebuffering","5s","5","media/H-0RHqDWcJE/bin-033-reference.mp4","media/H-0RHqDWcJE/bin-033-rebuffering-5s.mp4","","","","",""
"H-0RHqDWcJE","33","78.870","81.260","bitrate_reduction","50_percent","0.5","media/H-0RHqDWcJE/bin-033-reference.mp4","media/H-0RHqDWcJE/bin-033-bitrate_reduction-50_percent.mp4","","","","",""
"H-0RHqDWcJE","33","78.870","81.260","bitrate_reduction","25_percent","0.75","media/H-0RHqDWcJE/bin-033-reference.mp4","media/H-0RHqDWcJE/bin-033-bitrate_reduction-25_percent.mp4","","","","",""
"H-0RHqDWcJE","33","78.870","81.260","resolution_reduction","50_percent","0.5","media/H-0RHqDWcJE/bin-033-reference.mp4","media/H-0RHqDWcJE/bin-033-resolution_reduction-50_percent.mp4","","","","",""
"H-0RHqDWcJE","33","78.870","81.260","resolution_reduction","25_percent","0.75","media/H-0RHqDWcJE/bin-033-reference.mp4","media/H-0RHqDWcJE/bin-033-resolution_reduction-25_percent.mp4","","","","",""
"ZD1QrIe--_Y","49","369.950","377.500","rebuffering","2s","2","media/ZD1QrIe--_Y/bin-049-reference.mp4","media/ZD1QrIe--_Y/bin-049-rebuffering-2s.mp4","","","","",""
"ZD1QrIe--_Y","49","369.950","377.500","rebuffering","5s","5","media/ZD1QrIe--_Y/bin-049-reference.mp4","media/ZD1QrIe--_Y/bin-049-rebuffering-5s.mp4","","","","",""
"ZD1QrIe--_Y","49","369.950","377.500","bitrate_reduction","50_percent","0.5","media/ZD1QrIe--_Y/bin-049-reference.mp4","media/ZD1QrIe--_Y/bin-049-bitrate_reduction-50_percent.mp4","","","","",""
"ZD1QrIe--_Y","49","369.950","377.500","bitrate_reduction","25_percent","0.75","media/ZD1QrIe--_Y/bin-049-reference.mp4","media/ZD1QrIe--_Y/bin-049-bitrate_reduction-25_percent.mp4","","","","",""
"ZD1QrIe--_Y","49","369.950","377.500","resolution_reduction","50_percent","0.5","media/ZD1QrIe--_Y/bin-049-reference.mp4","media/ZD1QrIe--_Y/bin-049-resolution_reduction-50_percent.mp4","","","","",""
"ZD1QrIe--_Y","49","369.950","377.500","resolution_reduction","25_percent","0.75","media/ZD1QrIe--_Y/bin-049-reference.mp4","media/ZD1QrIe--_Y/bin-049-resolution_reduction-25_percent.mp4","","","","",""
"ZD1QrIe--_Y","99","747.450","755.000","rebuffering","2s","2","media/ZD1QrIe--_Y/bin-099-reference.mp4","media/ZD1QrIe--_Y/bin-099-rebuffering-2s.mp4","","","","",""
"ZD1QrIe--_Y","99","747.450","755.000","rebuffering","5s","5","media/ZD1QrIe--_Y/bin-099-reference.mp4","media/ZD1QrIe--_Y/bin-099-rebuffering-5s.mp4","","","","",""
"ZD1QrIe--_Y","99","747.450","755.000","bitrate_reduction","50_percent","0.5","media/ZD1QrIe--_Y/bin-099-reference.mp4","media/ZD1QrIe--_Y/bin-099-bitrate_reduction-50_percent.mp4","","","","",""
"ZD1QrIe--_Y","99","747.450","755.000","bitrate_reduction","25_percent","0.75","media/ZD1QrIe--_Y/bin-099-reference.mp4","media/ZD1QrIe--_Y/bin-099-bitrate_reduction-25_percent.mp4","","","","",""
"ZD1QrIe--_Y","99","747.450","755.000","resolution_reduction","50_percent","0.5","media/ZD1QrIe--_Y/bin-099-reference.mp4","media/ZD1QrIe--_Y/bin-099-resolution_reduction-50_percent.mp4","","","","",""
"ZD1QrIe--_Y","99","747.450","755.000","resolution_reduction","25_percent","0.75","media/ZD1QrIe--_Y/bin-099-reference.mp4","media/ZD1QrIe--_Y/bin-099-resolution_reduction-25_percent.mp4","","","","",""
"ZD1QrIe--_Y","75","566.250","573.800","rebuffering","2s","2","media/ZD1QrIe--_Y/bin-075-reference.mp4","media/ZD1QrIe--_Y/bin-075-rebuffering-2s.mp4","","","","",""
"ZD1QrIe--_Y","75","566.250","573.800","rebuffering","5s","5","media/ZD1QrIe--_Y/bin-075-reference.mp4","media/ZD1QrIe--_Y/bin-075-rebuffering-5s.mp4","","","","",""
"ZD1QrIe--_Y","75","566.250","573.800","bitrate_reduction","50_percent","0.5","media/ZD1QrIe--_Y/bin-075-reference.mp4","media/ZD1QrIe--_Y/bin-075-bitrate_reduction-50_percent.mp4","","","","",""
"ZD1QrIe--_Y","75","566.250","573.800","bitrate_reduction","25_percent","0.75","media/ZD1QrIe--_Y/bin-075-reference.mp4","media/ZD1QrIe--_Y/bin-075-bitrate_reduction-25_percent.mp4","","","","",""
"ZD1QrIe--_Y","75","566.250","573.800","resolution_reduction","50_percent","0.5","media/ZD1QrIe--_Y/bin-075-reference.mp4","media/ZD1QrIe--_Y/bin-075-resolution_reduction-50_percent.mp4","","","","",""
"ZD1QrIe--_Y","75","566.250","573.800","resolution_reduction","25_percent","0.75","media/ZD1QrIe--_Y/bin-075-reference.mp4","media/ZD1QrIe--_Y/bin-075-resolution_reduction-25_percent.mp4","","","","",""
"ZD1QrIe--_Y","7","52.850","60.400","rebuffering","2s","2","media/ZD1QrIe--_Y/bin-007-reference.mp4","media/ZD1QrIe--_Y/bin-007-rebuffering-2s.mp4","","","","",""
"ZD1QrIe--_Y","7","52.850","60.400","rebuffering","5s","5","media/ZD1QrIe--_Y/bin-007-reference.mp4","media/ZD1QrIe--_Y/bin-007-rebuffering-5s.mp4","","","","",""
"ZD1QrIe--_Y","7","52.850","60.400","bitrate_reduction","50_percent","0.5","media/ZD1QrIe--_Y/bin-007-reference.mp4","media/ZD1QrIe--_Y/bin-007-bitrate_reduction-50_percent.mp4","","","","",""
"ZD1QrIe--_Y","7","52.850","60.400","bitrate_reduction","25_percent","0.75","media/ZD1QrIe--_Y/bin-007-reference.mp4","media/ZD1QrIe--_Y/bin-007-bitrate_reduction-25_percent.mp4","","","","",""
"ZD1QrIe--_Y","7","52.850","60.400","resolution_reduction","50_percent","0.5","media/ZD1QrIe--_Y/bin-007-reference.mp4","media/ZD1QrIe--_Y/bin-007-resolution_reduction-50_percent.mp4","","","","",""
"ZD1QrIe--_Y","7","52.850","60.400","resolution_reduction","25_percent","0.75","media/ZD1QrIe--_Y/bin-007-reference.mp4","media/ZD1QrIe--_Y/bin-007-resolution_reduction-25_percent.mp4","","","","",""
"UBA3OQSJU58","99","356.400","360.000","rebuffering","2s","2","media/UBA3OQSJU58/bin-099-reference.mp4","media/UBA3OQSJU58/bin-099-rebuffering-2s.mp4","","","","",""
"UBA3OQSJU58","99","356.400","360.000","rebuffering","5s","5","media/UBA3OQSJU58/bin-099-reference.mp4","media/UBA3OQSJU58/bin-099-rebuffering-5s.mp4","","","","",""
"UBA3OQSJU58","99","356.400","360.000","bitrate_reduction","50_percent","0.5","media/UBA3OQSJU58/bin-099-reference.mp4","media/UBA3OQSJU58/bin-099-bitrate_reduction-50_percent.mp4","","","","",""
"UBA3OQSJU58","99","356.400","360.000","bitrate_reduction","25_percent","0.75","media/UBA3OQSJU58/bin-099-reference.mp4","media/UBA3OQSJU58/bin-099-bitrate_reduction-25_percent.mp4","","","","",""
"UBA3OQSJU58","99","356.400","360.000","resolution_reduction","50_percent","0.5","media/UBA3OQSJU58/bin-099-reference.mp4","media/UBA3OQSJU58/bin-099-resolution_reduction-50_percent.mp4","","","","",""
"UBA3OQSJU58","99","356.400","360.000","resolution_reduction","25_percent","0.75","media/UBA3OQSJU58/bin-099-reference.mp4","media/UBA3OQSJU58/bin-099-resolution_reduction-25_percent.mp4","","","","",""
"UBA3OQSJU58","75","270.000","273.600","rebuffering","2s","2","media/UBA3OQSJU58/bin-075-reference.mp4","media/UBA3OQSJU58/bin-075-rebuffering-2s.mp4","","","","",""
"UBA3OQSJU58","75","270.000","273.600","rebuffering","5s","5","media/UBA3OQSJU58/bin-075-reference.mp4","media/UBA3OQSJU58/bin-075-rebuffering-5s.mp4","","","","",""
"UBA3OQSJU58","75","270.000","273.600","bitrate_reduction","50_percent","0.5","media/UBA3OQSJU58/bin-075-reference.mp4","media/UBA3OQSJU58/bin-075-bitrate_reduction-50_percent.mp4","","","","",""
"UBA3OQSJU58","75","270.000","273.600","bitrate_reduction","25_percent","0.75","media/UBA3OQSJU58/bin-075-reference.mp4","media/UBA3OQSJU58/bin-075-bitrate_reduction-25_percent.mp4","","","","",""
"UBA3OQSJU58","75","270.000","273.600","resolution_reduction","50_percent","0.5","media/UBA3OQSJU58/bin-075-reference.mp4","media/UBA3OQSJU58/bin-075-resolution_reduction-50_percent.mp4","","","","",""
"UBA3OQSJU58","75","270.000","273.600","resolution_reduction","25_percent","0.75","media/UBA3OQSJU58/bin-075-reference.mp4","media/UBA3OQSJU58/bin-075-resolution_reduction-25_percent.mp4","","","","",""
"UBA3OQSJU58","87","313.200","316.800","rebuffering","2s","2","media/UBA3OQSJU58/bin-087-reference.mp4","media/UBA3OQSJU58/bin-087-rebuffering-2s.mp4","","","","",""
"UBA3OQSJU58","87","313.200","316.800","rebuffering","5s","5","media/UBA3OQSJU58/bin-087-reference.mp4","media/UBA3OQSJU58/bin-087-rebuffering-5s.mp4","","","","",""
"UBA3OQSJU58","87","313.200","316.800","bitrate_reduction","50_percent","0.5","media/UBA3OQSJU58/bin-087-reference.mp4","media/UBA3OQSJU58/bin-087-bitrate_reduction-50_percent.mp4","","","","",""
"UBA3OQSJU58","87","313.200","316.800","bitrate_reduction","25_percent","0.75","media/UBA3OQSJU58/bin-087-reference.mp4","media/UBA3OQSJU58/bin-087-bitrate_reduction-25_percent.mp4","","","","",""
"UBA3OQSJU58","87","313.200","316.800","resolution_reduction","50_percent","0.5","media/UBA3OQSJU58/bin-087-reference.mp4","media/UBA3OQSJU58/bin-087-resolution_reduction-50_percent.mp4","","","","",""
"UBA3OQSJU58","87","313.200","316.800","resolution_reduction","25_percent","0.75","media/UBA3OQSJU58/bin-087-reference.mp4","media/UBA3OQSJU58/bin-087-resolution_reduction-25_percent.mp4","","","","",""
"UBA3OQSJU58","94","338.400","342.000","rebuffering","2s","2","media/UBA3OQSJU58/bin-094-reference.mp4","media/UBA3OQSJU58/bin-094-rebuffering-2s.mp4","","","","",""
"UBA3OQSJU58","94","338.400","342.000","rebuffering","5s","5","media/UBA3OQSJU58/bin-094-reference.mp4","media/UBA3OQSJU58/bin-094-rebuffering-5s.mp4","","","","",""
"UBA3OQSJU58","94","338.400","342.000","bitrate_reduction","50_percent","0.5","media/UBA3OQSJU58/bin-094-reference.mp4","media/UBA3OQSJU58/bin-094-bitrate_reduction-50_percent.mp4","","","","",""
"UBA3OQSJU58","94","338.400","342.000","bitrate_reduction","25_percent","0.75","media/UBA3OQSJU58/bin-094-reference.mp4","media/UBA3OQSJU58/bin-094-bitrate_reduction-25_percent.mp4","","","","",""
"UBA3OQSJU58","94","338.400","342.000","resolution_reduction","50_percent","0.5","media/UBA3OQSJU58/bin-094-reference.mp4","media/UBA3OQSJU58/bin-094-resolution_reduction-50_percent.mp4","","","","",""
"UBA3OQSJU58","94","338.400","342.000","resolution_reduction","25_percent","0.75","media/UBA3OQSJU58/bin-094-reference.mp4","media/UBA3OQSJU58/bin-094-resolution_reduction-25_percent.mp4","","","","",""
"L_Guz73e6fw","99","8550.630","8637.000","rebuffering","2s","2","media/L_Guz73e6fw/bin-099-reference.mp4","media/L_Guz73e6fw/bin-099-rebuffering-2s.mp4","","","","",""
"L_Guz73e6fw","99","8550.630","8637.000","rebuffering","5s","5","media/L_Guz73e6fw/bin-099-reference.mp4","media/L_Guz73e6fw/bin-099-rebuffering-5s.mp4","","","","",""
"L_Guz73e6fw","99","8550.630","8637.000","bitrate_reduction","50_percent","0.5","media/L_Guz73e6fw/bin-099-reference.mp4","media/L_Guz73e6fw/bin-099-bitrate_reduction-50_percent.mp4","","","","",""
"L_Guz73e6fw","99","8550.630","8637.000","bitrate_reduction","25_percent","0.75","media/L_Guz73e6fw/bin-099-reference.mp4","media/L_Guz73e6fw/bin-099-bitrate_reduction-25_percent.mp4","","","","",""
"L_Guz73e6fw","99","8550.630","8637.000","resolution_reduction","50_percent","0.5","media/L_Guz73e6fw/bin-099-reference.mp4","media/L_Guz73e6fw/bin-099-resolution_reduction-50_percent.mp4","","","","",""
"L_Guz73e6fw","99","8550.630","8637.000","resolution_reduction","25_percent","0.75","media/L_Guz73e6fw/bin-099-reference.mp4","media/L_Guz73e6fw/bin-099-resolution_reduction-25_percent.mp4","","","","",""
"L_Guz73e6fw","84","7255.080","7341.450","rebuffering","2s","2","media/L_Guz73e6fw/bin-084-reference.mp4","media/L_Guz73e6fw/bin-084-rebuffering-2s.mp4","","","","",""
"L_Guz73e6fw","84","7255.080","7341.450","rebuffering","5s","5","media/L_Guz73e6fw/bin-084-reference.mp4","media/L_Guz73e6fw/bin-084-rebuffering-5s.mp4","","","","",""
"L_Guz73e6fw","84","7255.080","7341.450","bitrate_reduction","50_percent","0.5","media/L_Guz73e6fw/bin-084-reference.mp4","media/L_Guz73e6fw/bin-084-bitrate_reduction-50_percent.mp4","","","","",""
"L_Guz73e6fw","84","7255.080","7341.450","bitrate_reduction","25_percent","0.75","media/L_Guz73e6fw/bin-084-reference.mp4","media/L_Guz73e6fw/bin-084-bitrate_reduction-25_percent.mp4","","","","",""
"L_Guz73e6fw","84","7255.080","7341.450","resolution_reduction","50_percent","0.5","media/L_Guz73e6fw/bin-084-reference.mp4","media/L_Guz73e6fw/bin-084-resolution_reduction-50_percent.mp4","","","","",""
"L_Guz73e6fw","84","7255.080","7341.450","resolution_reduction","25_percent","0.75","media/L_Guz73e6fw/bin-084-reference.mp4","media/L_Guz73e6fw/bin-084-resolution_reduction-25_percent.mp4","","","","",""
"L_Guz73e6fw","77","6650.490","6736.860","rebuffering","2s","2","media/L_Guz73e6fw/bin-077-reference.mp4","media/L_Guz73e6fw/bin-077-rebuffering-2s.mp4","","","","",""
"L_Guz73e6fw","77","6650.490","6736.860","rebuffering","5s","5","media/L_Guz73e6fw/bin-077-reference.mp4","media/L_Guz73e6fw/bin-077-rebuffering-5s.mp4","","","","",""
"L_Guz73e6fw","77","6650.490","6736.860","bitrate_reduction","50_percent","0.5","media/L_Guz73e6fw/bin-077-reference.mp4","media/L_Guz73e6fw/bin-077-bitrate_reduction-50_percent.mp4","","","","",""
"L_Guz73e6fw","77","6650.490","6736.860","bitrate_reduction","25_percent","0.75","media/L_Guz73e6fw/bin-077-reference.mp4","media/L_Guz73e6fw/bin-077-bitrate_reduction-25_percent.mp4","","","","",""
"L_Guz73e6fw","77","6650.490","6736.860","resolution_reduction","50_percent","0.5","media/L_Guz73e6fw/bin-077-reference.mp4","media/L_Guz73e6fw/bin-077-resolution_reduction-50_percent.mp4","","","","",""
"L_Guz73e6fw","77","6650.490","6736.860","resolution_reduction","25_percent","0.75","media/L_Guz73e6fw/bin-077-reference.mp4","media/L_Guz73e6fw/bin-077-resolution_reduction-25_percent.mp4","","","","",""
"L_Guz73e6fw","20","1727.400","1813.770","rebuffering","2s","2","media/L_Guz73e6fw/bin-020-reference.mp4","media/L_Guz73e6fw/bin-020-rebuffering-2s.mp4","","","","",""
"L_Guz73e6fw","20","1727.400","1813.770","rebuffering","5s","5","media/L_Guz73e6fw/bin-020-reference.mp4","media/L_Guz73e6fw/bin-020-rebuffering-5s.mp4","","","","",""
"L_Guz73e6fw","20","1727.400","1813.770","bitrate_reduction","50_percent","0.5","media/L_Guz73e6fw/bin-020-reference.mp4","media/L_Guz73e6fw/bin-020-bitrate_reduction-50_percent.mp4","","","","",""
"L_Guz73e6fw","20","1727.400","1813.770","bitrate_reduction","25_percent","0.75","media/L_Guz73e6fw/bin-020-reference.mp4","media/L_Guz73e6fw/bin-020-bitrate_reduction-25_percent.mp4","","","","",""
"L_Guz73e6fw","20","1727.400","1813.770","resolution_reduction","50_percent","0.5","media/L_Guz73e6fw/bin-020-reference.mp4","media/L_Guz73e6fw/bin-020-resolution_reduction-50_percent.mp4","","","","",""
"L_Guz73e6fw","20","1727.400","1813.770","resolution_reduction","25_percent","0.75","media/L_Guz73e6fw/bin-020-reference.mp4","media/L_Guz73e6fw/bin-020-resolution_reduction-25_percent.mp4","","","","",""
"jvqFAi7vkBc","99","6840.900","6910.000","rebuffering","2s","2","media/jvqFAi7vkBc/bin-099-reference.mp4","media/jvqFAi7vkBc/bin-099-rebuffering-2s.mp4","","","","",""
"jvqFAi7vkBc","99","6840.900","6910.000","rebuffering","5s","5","media/jvqFAi7vkBc/bin-099-reference.mp4","media/jvqFAi7vkBc/bin-099-rebuffering-5s.mp4","","","","",""
"jvqFAi7vkBc","99","6840.900","6910.000","bitrate_reduction","50_percent","0.5","media/jvqFAi7vkBc/bin-099-reference.mp4","media/jvqFAi7vkBc/bin-099-bitrate_reduction-50_percent.mp4","","","","",""
"jvqFAi7vkBc","99","6840.900","6910.000","bitrate_reduction","25_percent","0.75","media/jvqFAi7vkBc/bin-099-reference.mp4","media/jvqFAi7vkBc/bin-099-bitrate_reduction-25_percent.mp4","","","","",""
"jvqFAi7vkBc","99","6840.900","6910.000","resolution_reduction","50_percent","0.5","media/jvqFAi7vkBc/bin-099-reference.mp4","media/jvqFAi7vkBc/bin-099-resolution_reduction-50_percent.mp4","","","","",""
"jvqFAi7vkBc","99","6840.900","6910.000","resolution_reduction","25_percent","0.75","media/jvqFAi7vkBc/bin-099-reference.mp4","media/jvqFAi7vkBc/bin-099-resolution_reduction-25_percent.mp4","","","","",""
"jvqFAi7vkBc","0","0.000","69.100","rebuffering","2s","2","media/jvqFAi7vkBc/bin-000-reference.mp4","media/jvqFAi7vkBc/bin-000-rebuffering-2s.mp4","","","","",""
"jvqFAi7vkBc","0","0.000","69.100","rebuffering","5s","5","media/jvqFAi7vkBc/bin-000-reference.mp4","media/jvqFAi7vkBc/bin-000-rebuffering-5s.mp4","","","","",""
"jvqFAi7vkBc","0","0.000","69.100","bitrate_reduction","50_percent","0.5","media/jvqFAi7vkBc/bin-000-reference.mp4","media/jvqFAi7vkBc/bin-000-bitrate_reduction-50_percent.mp4","","","","",""
"jvqFAi7vkBc","0","0.000","69.100","bitrate_reduction","25_percent","0.75","media/jvqFAi7vkBc/bin-000-reference.mp4","media/jvqFAi7vkBc/bin-000-bitrate_reduction-25_percent.mp4","","","","",""
"jvqFAi7vkBc","0","0.000","69.100","resolution_reduction","50_percent","0.5","media/jvqFAi7vkBc/bin-000-reference.mp4","media/jvqFAi7vkBc/bin-000-resolution_reduction-50_percent.mp4","","","","",""
"jvqFAi7vkBc","0","0.000","69.100","resolution_reduction","25_percent","0.75","media/jvqFAi7vkBc/bin-000-reference.mp4","media/jvqFAi7vkBc/bin-000-resolution_reduction-25_percent.mp4","","","","",""
"jvqFAi7vkBc","7","483.700","552.800","rebuffering","2s","2","media/jvqFAi7vkBc/bin-007-reference.mp4","media/jvqFAi7vkBc/bin-007-rebuffering-2s.mp4","","","","",""
"jvqFAi7vkBc","7","483.700","552.800","rebuffering","5s","5","media/jvqFAi7vkBc/bin-007-reference.mp4","media/jvqFAi7vkBc/bin-007-rebuffering-5s.mp4","","","","",""
"jvqFAi7vkBc","7","483.700","552.800","bitrate_reduction","50_percent","0.5","media/jvqFAi7vkBc/bin-007-reference.mp4","media/jvqFAi7vkBc/bin-007-bitrate_reduction-50_percent.mp4","","","","",""
"jvqFAi7vkBc","7","483.700","552.800","bitrate_reduction","25_percent","0.75","media/jvqFAi7vkBc/bin-007-reference.mp4","media/jvqFAi7vkBc/bin-007-bitrate_reduction-25_percent.mp4","","","","",""
"jvqFAi7vkBc","7","483.700","552.800","resolution_reduction","50_percent","0.5","media/jvqFAi7vkBc/bin-007-reference.mp4","media/jvqFAi7vkBc/bin-007-resolution_reduction-50_percent.mp4","","","","",""
"jvqFAi7vkBc","7","483.700","552.800","resolution_reduction","25_percent","0.75","media/jvqFAi7vkBc/bin-007-reference.mp4","media/jvqFAi7vkBc/bin-007-resolution_reduction-25_percent.mp4","","","","",""
"jvqFAi7vkBc","90","6219.000","6288.100","rebuffering","2s","2","media/jvqFAi7vkBc/bin-090-reference.mp4","media/jvqFAi7vkBc/bin-090-rebuffering-2s.mp4","","","","",""
"jvqFAi7vkBc","90","6219.000","6288.100","rebuffering","5s","5","media/jvqFAi7vkBc/bin-090-reference.mp4","media/jvqFAi7vkBc/bin-090-rebuffering-5s.mp4","","","","",""
"jvqFAi7vkBc","90","6219.000","6288.100","bitrate_reduction","50_percent","0.5","media/jvqFAi7vkBc/bin-090-reference.mp4","media/jvqFAi7vkBc/bin-090-bitrate_reduction-50_percent.mp4","","","","",""
"jvqFAi7vkBc","90","6219.000","6288.100","bitrate_reduction","25_percent","0.75","media/jvqFAi7vkBc/bin-090-reference.mp4","media/jvqFAi7vkBc/bin-090-bitrate_reduction-25_percent.mp4","","","","",""
"jvqFAi7vkBc","90","6219.000","6288.100","resolution_reduction","50_percent","0.5","media/jvqFAi7vkBc/bin-090-reference.mp4","media/jvqFAi7vkBc/bin-090-resolution_reduction-50_percent.mp4","","","","",""
"jvqFAi7vkBc","90","6219.000","6288.100","resolution_reduction","25_percent","0.75","media/jvqFAi7vkBc/bin-090-reference.mp4","media/jvqFAi7vkBc/bin-090-resolution_reduction-25_percent.mp4","","","","",""
"QmOF0crdyRU","77","6307.840","6389.760","rebuffering","2s","2","media/QmOF0crdyRU/bin-077-reference.mp4","media/QmOF0crdyRU/bin-077-rebuffering-2s.mp4","","","","",""
"QmOF0crdyRU","77","6307.840","6389.760","rebuffering","5s","5","media/QmOF0crdyRU/bin-077-reference.mp4","media/QmOF0crdyRU/bin-077-rebuffering-5s.mp4","","","","",""
"QmOF0crdyRU","77","6307.840","6389.760","bitrate_reduction","50_percent","0.5","media/QmOF0crdyRU/bin-077-reference.mp4","media/QmOF0crdyRU/bin-077-bitrate_reduction-50_percent.mp4","","","","",""
"QmOF0crdyRU","77","6307.840","6389.760","bitrate_reduction","25_percent","0.75","media/QmOF0crdyRU/bin-077-reference.mp4","media/QmOF0crdyRU/bin-077-bitrate_reduction-25_percent.mp4","","","","",""
"QmOF0crdyRU","77","6307.840","6389.760","resolution_reduction","50_percent","0.5","media/QmOF0crdyRU/bin-077-reference.mp4","media/QmOF0crdyRU/bin-077-resolution_reduction-50_percent.mp4","","","","",""
"QmOF0crdyRU","77","6307.840","6389.760","resolution_reduction","25_percent","0.75","media/QmOF0crdyRU/bin-077-reference.mp4","media/QmOF0crdyRU/bin-077-resolution_reduction-25_percent.mp4","","","","",""
"QmOF0crdyRU","6","491.520","573.440","rebuffering","2s","2","media/QmOF0crdyRU/bin-006-reference.mp4","media/QmOF0crdyRU/bin-006-rebuffering-2s.mp4","","","","",""
"QmOF0crdyRU","6","491.520","573.440","rebuffering","5s","5","media/QmOF0crdyRU/bin-006-reference.mp4","media/QmOF0crdyRU/bin-006-rebuffering-5s.mp4","","","","",""
"QmOF0crdyRU","6","491.520","573.440","bitrate_reduction","50_percent","0.5","media/QmOF0crdyRU/bin-006-reference.mp4","media/QmOF0crdyRU/bin-006-bitrate_reduction-50_percent.mp4","","","","",""
"QmOF0crdyRU","6","491.520","573.440","bitrate_reduction","25_percent","0.75","media/QmOF0crdyRU/bin-006-reference.mp4","media/QmOF0crdyRU/bin-006-bitrate_reduction-25_percent.mp4","","","","",""
"QmOF0crdyRU","6","491.520","573.440","resolution_reduction","50_percent","0.5","media/QmOF0crdyRU/bin-006-reference.mp4","media/QmOF0crdyRU/bin-006-resolution_reduction-50_percent.mp4","","","","",""
"QmOF0crdyRU","6","491.520","573.440","resolution_reduction","25_percent","0.75","media/QmOF0crdyRU/bin-006-reference.mp4","media/QmOF0crdyRU/bin-006-resolution_reduction-25_percent.mp4","","","","",""
"QmOF0crdyRU","88","7208.960","7290.880","rebuffering","2s","2","media/QmOF0crdyRU/bin-088-reference.mp4","media/QmOF0crdyRU/bin-088-rebuffering-2s.mp4","","","","",""
"QmOF0crdyRU","88","7208.960","7290.880","rebuffering","5s","5","media/QmOF0crdyRU/bin-088-reference.mp4","media/QmOF0crdyRU/bin-088-rebuffering-5s.mp4","","","","",""
"QmOF0crdyRU","88","7208.960","7290.880","bitrate_reduction","50_percent","0.5","media/QmOF0crdyRU/bin-088-reference.mp4","media/QmOF0crdyRU/bin-088-bitrate_reduction-50_percent.mp4","","","","",""
"QmOF0crdyRU","88","7208.960","7290.880","bitrate_reduction","25_percent","0.75","media/QmOF0crdyRU/bin-088-reference.mp4","media/QmOF0crdyRU/bin-088-bitrate_reduction-25_percent.mp4","","","","",""
"QmOF0crdyRU","88","7208.960","7290.880","resolution_reduction","50_percent","0.5","media/QmOF0crdyRU/bin-088-reference.mp4","media/QmOF0crdyRU/bin-088-resolution_reduction-50_percent.mp4","","","","",""
"QmOF0crdyRU","88","7208.960","7290.880","resolution_reduction","25_percent","0.75","media/QmOF0crdyRU/bin-088-reference.mp4","media/QmOF0crdyRU/bin-088-resolution_reduction-25_percent.mp4","","","","",""
"QmOF0crdyRU","97","7946.240","8028.160","rebuffering","2s","2","media/QmOF0crdyRU/bin-097-reference.mp4","media/QmOF0crdyRU/bin-097-rebuffering-2s.mp4","","","","",""
"QmOF0crdyRU","97","7946.240","8028.160","rebuffering","5s","5","media/QmOF0crdyRU/bin-097-reference.mp4","media/QmOF0crdyRU/bin-097-rebuffering-5s.mp4","","","","",""
"QmOF0crdyRU","97","7946.240","8028.160","bitrate_reduction","50_percent","0.5","media/QmOF0crdyRU/bin-097-reference.mp4","media/QmOF0crdyRU/bin-097-bitrate_reduction-50_percent.mp4","","","","",""
"QmOF0crdyRU","97","7946.240","8028.160","bitrate_reduction","25_percent","0.75","media/QmOF0crdyRU/bin-097-reference.mp4","media/QmOF0crdyRU/bin-097-bitrate_reduction-25_percent.mp4","","","","",""
"QmOF0crdyRU","97","7946.240","8028.160","resolution_reduction","50_percent","0.5","media/QmOF0crdyRU/bin-097-reference.mp4","media/QmOF0crdyRU/bin-097-resolution_reduction-50_percent.mp4","","","","",""
"QmOF0crdyRU","97","7946.240","8028.160","resolution_reduction","25_percent","0.75","media/QmOF0crdyRU/bin-097-reference.mp4","media/QmOF0crdyRU/bin-097-resolution_reduction-25_percent.mp4","","","","",""
"GrhLT9P61Z8","99","12151.260","12274.000","rebuffering","2s","2","media/GrhLT9P61Z8/bin-099-reference.mp4","media/GrhLT9P61Z8/bin-099-rebuffering-2s.mp4","","","","",""
"GrhLT9P61Z8","99","12151.260","12274.000","rebuffering","5s","5","media/GrhLT9P61Z8/bin-099-reference.mp4","media/GrhLT9P61Z8/bin-099-rebuffering-5s.mp4","","","","",""
"GrhLT9P61Z8","99","12151.260","12274.000","bitrate_reduction","50_percent","0.5","media/GrhLT9P61Z8/bin-099-reference.mp4","media/GrhLT9P61Z8/bin-099-bitrate_reduction-50_percent.mp4","","","","",""
"GrhLT9P61Z8","99","12151.260","12274.000","bitrate_reduction","25_percent","0.75","media/GrhLT9P61Z8/bin-099-reference.mp4","media/GrhLT9P61Z8/bin-099-bitrate_reduction-25_percent.mp4","","","","",""
"GrhLT9P61Z8","99","12151.260","12274.000","resolution_reduction","50_percent","0.5","media/GrhLT9P61Z8/bin-099-reference.mp4","media/GrhLT9P61Z8/bin-099-resolution_reduction-50_percent.mp4","","","","",""
"GrhLT9P61Z8","99","12151.260","12274.000","resolution_reduction","25_percent","0.75","media/GrhLT9P61Z8/bin-099-reference.mp4","media/GrhLT9P61Z8/bin-099-resolution_reduction-25_percent.mp4","","","","",""
"GrhLT9P61Z8","0","0.000","122.740","rebuffering","2s","2","media/GrhLT9P61Z8/bin-000-reference.mp4","media/GrhLT9P61Z8/bin-000-rebuffering-2s.mp4","","","","",""
"GrhLT9P61Z8","0","0.000","122.740","rebuffering","5s","5","media/GrhLT9P61Z8/bin-000-reference.mp4","media/GrhLT9P61Z8/bin-000-rebuffering-5s.mp4","","","","",""
"GrhLT9P61Z8","0","0.000","122.740","bitrate_reduction","50_percent","0.5","media/GrhLT9P61Z8/bin-000-reference.mp4","media/GrhLT9P61Z8/bin-000-bitrate_reduction-50_percent.mp4","","","","",""
"GrhLT9P61Z8","0","0.000","122.740","bitrate_reduction","25_percent","0.75","media/GrhLT9P61Z8/bin-000-reference.mp4","media/GrhLT9P61Z8/bin-000-bitrate_reduction-25_percent.mp4","","","","",""
"GrhLT9P61Z8","0","0.000","122.740","resolution_reduction","50_percent","0.5","media/GrhLT9P61Z8/bin-000-reference.mp4","media/GrhLT9P61Z8/bin-000-resolution_reduction-50_percent.mp4","","","","",""
"GrhLT9P61Z8","0","0.000","122.740","resolution_reduction","25_percent","0.75","media/GrhLT9P61Z8/bin-000-reference.mp4","media/GrhLT9P61Z8/bin-000-resolution_reduction-25_percent.mp4","","","","",""
"GrhLT9P61Z8","67","8223.580","8346.320","rebuffering","2s","2","media/GrhLT9P61Z8/bin-067-reference.mp4","media/GrhLT9P61Z8/bin-067-rebuffering-2s.mp4","","","","",""
"GrhLT9P61Z8","67","8223.580","8346.320","rebuffering","5s","5","media/GrhLT9P61Z8/bin-067-reference.mp4","media/GrhLT9P61Z8/bin-067-rebuffering-5s.mp4","","","","",""
"GrhLT9P61Z8","67","8223.580","8346.320","bitrate_reduction","50_percent","0.5","media/GrhLT9P61Z8/bin-067-reference.mp4","media/GrhLT9P61Z8/bin-067-bitrate_reduction-50_percent.mp4","","","","",""
"GrhLT9P61Z8","67","8223.580","8346.320","bitrate_reduction","25_percent","0.75","media/GrhLT9P61Z8/bin-067-reference.mp4","media/GrhLT9P61Z8/bin-067-bitrate_reduction-25_percent.mp4","","","","",""
"GrhLT9P61Z8","67","8223.580","8346.320","resolution_reduction","50_percent","0.5","media/GrhLT9P61Z8/bin-067-reference.mp4","media/GrhLT9P61Z8/bin-067-resolution_reduction-50_percent.mp4","","","","",""
"GrhLT9P61Z8","67","8223.580","8346.320","resolution_reduction","25_percent","0.75","media/GrhLT9P61Z8/bin-067-reference.mp4","media/GrhLT9P61Z8/bin-067-resolution_reduction-25_percent.mp4","","","","",""
"GrhLT9P61Z8","76","9328.240","9450.980","rebuffering","2s","2","media/GrhLT9P61Z8/bin-076-reference.mp4","media/GrhLT9P61Z8/bin-076-rebuffering-2s.mp4","","","","",""
"GrhLT9P61Z8","76","9328.240","9450.980","rebuffering","5s","5","media/GrhLT9P61Z8/bin-076-reference.mp4","media/GrhLT9P61Z8/bin-076-rebuffering-5s.mp4","","","","",""
"GrhLT9P61Z8","76","9328.240","9450.980","bitrate_reduction","50_percent","0.5","media/GrhLT9P61Z8/bin-076-reference.mp4","media/GrhLT9P61Z8/bin-076-bitrate_reduction-50_percent.mp4","","","","",""
"GrhLT9P61Z8","76","9328.240","9450.980","bitrate_reduction","25_percent","0.75","media/GrhLT9P61Z8/bin-076-reference.mp4","media/GrhLT9P61Z8/bin-076-bitrate_reduction-25_percent.mp4","","","","",""
"GrhLT9P61Z8","76","9328.240","9450.980","resolution_reduction","50_percent","0.5","media/GrhLT9P61Z8/bin-076-reference.mp4","media/GrhLT9P61Z8/bin-076-resolution_reduction-50_percent.mp4","","","","",""
"GrhLT9P61Z8","76","9328.240","9450.980","resolution_reduction","25_percent","0.75","media/GrhLT9P61Z8/bin-076-reference.mp4","media/GrhLT9P61Z8/bin-076-resolution_reduction-25_percent.mp4","","","","",""
"9BMhFmNzw-o","33","36.300","37.400","rebuffering","2s","2","media/9BMhFmNzw-o/bin-033-reference.mp4","media/9BMhFmNzw-o/bin-033-rebuffering-2s.mp4","","","","",""
"9BMhFmNzw-o","33","36.300","37.400","rebuffering","5s","5","media/9BMhFmNzw-o/bin-033-reference.mp4","media/9BMhFmNzw-o/bin-033-rebuffering-5s.mp4","","","","",""
"9BMhFmNzw-o","33","36.300","37.400","bitrate_reduction","50_percent","0.5","media/9BMhFmNzw-o/bin-033-reference.mp4","media/9BMhFmNzw-o/bin-033-bitrate_reduction-50_percent.mp4","","","","",""
"9BMhFmNzw-o","33","36.300","37.400","bitrate_reduction","25_percent","0.75","media/9BMhFmNzw-o/bin-033-reference.mp4","media/9BMhFmNzw-o/bin-033-bitrate_reduction-25_percent.mp4","","","","",""
"9BMhFmNzw-o","33","36.300","37.400","resolution_reduction","50_percent","0.5","media/9BMhFmNzw-o/bin-033-reference.mp4","media/9BMhFmNzw-o/bin-033-resolution_reduction-50_percent.mp4","","","","",""
"9BMhFmNzw-o","33","36.300","37.400","resolution_reduction","25_percent","0.75","media/9BMhFmNzw-o/bin-033-reference.mp4","media/9BMhFmNzw-o/bin-033-resolution_reduction-25_percent.mp4","","","","",""
"9BMhFmNzw-o","56","61.600","62.700","rebuffering","2s","2","media/9BMhFmNzw-o/bin-056-reference.mp4","media/9BMhFmNzw-o/bin-056-rebuffering-2s.mp4","","","","",""
"9BMhFmNzw-o","56","61.600","62.700","rebuffering","5s","5","media/9BMhFmNzw-o/bin-056-reference.mp4","media/9BMhFmNzw-o/bin-056-rebuffering-5s.mp4","","","","",""
"9BMhFmNzw-o","56","61.600","62.700","bitrate_reduction","50_percent","0.5","media/9BMhFmNzw-o/bin-056-reference.mp4","media/9BMhFmNzw-o/bin-056-bitrate_reduction-50_percent.mp4","","","","",""
"9BMhFmNzw-o","56","61.600","62.700","bitrate_reduction","25_percent","0.75","media/9BMhFmNzw-o/bin-056-reference.mp4","media/9BMhFmNzw-o/bin-056-bitrate_reduction-25_percent.mp4","","","","",""
"9BMhFmNzw-o","56","61.600","62.700","resolution_reduction","50_percent","0.5","media/9BMhFmNzw-o/bin-056-reference.mp4","media/9BMhFmNzw-o/bin-056-resolution_reduction-50_percent.mp4","","","","",""
"9BMhFmNzw-o","56","61.600","62.700","resolution_reduction","25_percent","0.75","media/9BMhFmNzw-o/bin-056-reference.mp4","media/9BMhFmNzw-o/bin-056-resolution_reduction-25_percent.mp4","","","","",""
"9BMhFmNzw-o","95","104.500","105.600","rebuffering","2s","2","media/9BMhFmNzw-o/bin-095-reference.mp4","media/9BMhFmNzw-o/bin-095-rebuffering-2s.mp4","","","","",""
"9BMhFmNzw-o","95","104.500","105.600","rebuffering","5s","5","media/9BMhFmNzw-o/bin-095-reference.mp4","media/9BMhFmNzw-o/bin-095-rebuffering-5s.mp4","","","","",""
"9BMhFmNzw-o","95","104.500","105.600","bitrate_reduction","50_percent","0.5","media/9BMhFmNzw-o/bin-095-reference.mp4","media/9BMhFmNzw-o/bin-095-bitrate_reduction-50_percent.mp4","","","","",""
"9BMhFmNzw-o","95","104.500","105.600","bitrate_reduction","25_percent","0.75","media/9BMhFmNzw-o/bin-095-reference.mp4","media/9BMhFmNzw-o/bin-095-bitrate_reduction-25_percent.mp4","","","","",""
"9BMhFmNzw-o","95","104.500","105.600","resolution_reduction","50_percent","0.5","media/9BMhFmNzw-o/bin-095-reference.mp4","media/9BMhFmNzw-o/bin-095-resolution_reduction-50_percent.mp4","","","","",""
"9BMhFmNzw-o","95","104.500","105.600","resolution_reduction","25_percent","0.75","media/9BMhFmNzw-o/bin-095-reference.mp4","media/9BMhFmNzw-o/bin-095-resolution_reduction-25_percent.mp4","","","","",""
"9BMhFmNzw-o","3","3.300","4.400","rebuffering","2s","2","media/9BMhFmNzw-o/bin-003-reference.mp4","media/9BMhFmNzw-o/bin-003-rebuffering-2s.mp4","","","","",""
"9BMhFmNzw-o","3","3.300","4.400","rebuffering","5s","5","media/9BMhFmNzw-o/bin-003-reference.mp4","media/9BMhFmNzw-o/bin-003-rebuffering-5s.mp4","","","","",""
"9BMhFmNzw-o","3","3.300","4.400","bitrate_reduction","50_percent","0.5","media/9BMhFmNzw-o/bin-003-reference.mp4","media/9BMhFmNzw-o/bin-003-bitrate_reduction-50_percent.mp4","","","","",""
"9BMhFmNzw-o","3","3.300","4.400","bitrate_reduction","25_percent","0.75","media/9BMhFmNzw-o/bin-003-reference.mp4","media/9BMhFmNzw-o/bin-003-bitrate_reduction-25_percent.mp4","","","","",""
"9BMhFmNzw-o","3","3.300","4.400","resolution_reduction","50_percent","0.5","media/9BMhFmNzw-o/bin-003-reference.mp4","media/9BMhFmNzw-o/bin-003-resolution_reduction-50_percent.mp4","","","","",""
"9BMhFmNzw-o","3","3.300","4.400","resolution_reduction","25_percent","0.75","media/9BMhFmNzw-o/bin-003-reference.mp4","media/9BMhFmNzw-o/bin-003-resolution_reduction-25_percent.mp4","","","","",""
"joBmbh0AGSQ","89","298.150","301.500","rebuffering","2s","2","media/joBmbh0AGSQ/bin-089-reference.mp4","media/joBmbh0AGSQ/bin-089-rebuffering-2s.mp4","","","","",""
"joBmbh0AGSQ","89","298.150","301.500","rebuffering","5s","5","media/joBmbh0AGSQ/bin-089-reference.mp4","media/joBmbh0AGSQ/bin-089-rebuffering-5s.mp4","","","","",""
"joBmbh0AGSQ","89","298.150","301.500","bitrate_reduction","50_percent","0.5","media/joBmbh0AGSQ/bin-089-reference.mp4","media/joBmbh0AGSQ/bin-089-bitrate_reduction-50_percent.mp4","","","","",""
"joBmbh0AGSQ","89","298.150","301.500","bitrate_reduction","25_percent","0.75","media/joBmbh0AGSQ/bin-089-reference.mp4","media/joBmbh0AGSQ/bin-089-bitrate_reduction-25_percent.mp4","","","","",""
"joBmbh0AGSQ","89","298.150","301.500","resolution_reduction","50_percent","0.5","media/joBmbh0AGSQ/bin-089-reference.mp4","media/joBmbh0AGSQ/bin-089-resolution_reduction-50_percent.mp4","","","","",""
"joBmbh0AGSQ","89","298.150","301.500","resolution_reduction","25_percent","0.75","media/joBmbh0AGSQ/bin-089-reference.mp4","media/joBmbh0AGSQ/bin-089-resolution_reduction-25_percent.mp4","","","","",""
"joBmbh0AGSQ","67","224.450","227.800","rebuffering","2s","2","media/joBmbh0AGSQ/bin-067-reference.mp4","media/joBmbh0AGSQ/bin-067-rebuffering-2s.mp4","","","","",""
"joBmbh0AGSQ","67","224.450","227.800","rebuffering","5s","5","media/joBmbh0AGSQ/bin-067-reference.mp4","media/joBmbh0AGSQ/bin-067-rebuffering-5s.mp4","","","","",""
"joBmbh0AGSQ","67","224.450","227.800","bitrate_reduction","50_percent","0.5","media/joBmbh0AGSQ/bin-067-reference.mp4","media/joBmbh0AGSQ/bin-067-bitrate_reduction-50_percent.mp4","","","","",""
"joBmbh0AGSQ","67","224.450","227.800","bitrate_reduction","25_percent","0.75","media/joBmbh0AGSQ/bin-067-reference.mp4","media/joBmbh0AGSQ/bin-067-bitrate_reduction-25_percent.mp4","","","","",""
"joBmbh0AGSQ","67","224.450","227.800","resolution_reduction","50_percent","0.5","media/joBmbh0AGSQ/bin-067-reference.mp4","media/joBmbh0AGSQ/bin-067-resolution_reduction-50_percent.mp4","","","","",""
"joBmbh0AGSQ","67","224.450","227.800","resolution_reduction","25_percent","0.75","media/joBmbh0AGSQ/bin-067-reference.mp4","media/joBmbh0AGSQ/bin-067-resolution_reduction-25_percent.mp4","","","","",""
"joBmbh0AGSQ","98","328.300","331.650","rebuffering","2s","2","media/joBmbh0AGSQ/bin-098-reference.mp4","media/joBmbh0AGSQ/bin-098-rebuffering-2s.mp4","","","","",""
"joBmbh0AGSQ","98","328.300","331.650","rebuffering","5s","5","media/joBmbh0AGSQ/bin-098-reference.mp4","media/joBmbh0AGSQ/bin-098-rebuffering-5s.mp4","","","","",""
"joBmbh0AGSQ","98","328.300","331.650","bitrate_reduction","50_percent","0.5","media/joBmbh0AGSQ/bin-098-reference.mp4","media/joBmbh0AGSQ/bin-098-bitrate_reduction-50_percent.mp4","","","","",""
"joBmbh0AGSQ","98","328.300","331.650","bitrate_reduction","25_percent","0.75","media/joBmbh0AGSQ/bin-098-reference.mp4","media/joBmbh0AGSQ/bin-098-bitrate_reduction-25_percent.mp4","","","","",""
"joBmbh0AGSQ","98","328.300","331.650","resolution_reduction","50_percent","0.5","media/joBmbh0AGSQ/bin-098-reference.mp4","media/joBmbh0AGSQ/bin-098-resolution_reduction-50_percent.mp4","","","","",""
"joBmbh0AGSQ","98","328.300","331.650","resolution_reduction","25_percent","0.75","media/joBmbh0AGSQ/bin-098-reference.mp4","media/joBmbh0AGSQ/bin-098-resolution_reduction-25_percent.mp4","","","","",""
"joBmbh0AGSQ","1","3.350","6.700","rebuffering","2s","2","media/joBmbh0AGSQ/bin-001-reference.mp4","media/joBmbh0AGSQ/bin-001-rebuffering-2s.mp4","","","","",""
"joBmbh0AGSQ","1","3.350","6.700","rebuffering","5s","5","media/joBmbh0AGSQ/bin-001-reference.mp4","media/joBmbh0AGSQ/bin-001-rebuffering-5s.mp4","","","","",""
"joBmbh0AGSQ","1","3.350","6.700","bitrate_reduction","50_percent","0.5","media/joBmbh0AGSQ/bin-001-reference.mp4","media/joBmbh0AGSQ/bin-001-bitrate_reduction-50_percent.mp4","","","","",""
"joBmbh0AGSQ","1","3.350","6.700","bitrate_reduction","25_percent","0.75","media/joBmbh0AGSQ/bin-001-reference.mp4","media/joBmbh0AGSQ/bin-001-bitrate_reduction-25_percent.mp4","","","","",""
"joBmbh0AGSQ","1","3.350","6.700","resolution_reduction","50_percent","0.5","media/joBmbh0AGSQ/bin-001-reference.mp4","media/joBmbh0AGSQ/bin-001-resolution_reduction-50_percent.mp4","","","","",""
"joBmbh0AGSQ","1","3.350","6.700","resolution_reduction","25_percent","0.75","media/joBmbh0AGSQ/bin-001-reference.mp4","media/joBmbh0AGSQ/bin-001-resolution_reduction-25_percent.mp4","","","","",""
"rfscVS0vtbw","56","8966.720","9126.840","rebuffering","2s","2","media/rfscVS0vtbw/bin-056-reference.mp4","media/rfscVS0vtbw/bin-056-rebuffering-2s.mp4","","","","",""
"rfscVS0vtbw","56","8966.720","9126.840","rebuffering","5s","5","media/rfscVS0vtbw/bin-056-reference.mp4","media/rfscVS0vtbw/bin-056-rebuffering-5s.mp4","","","","",""
"rfscVS0vtbw","56","8966.720","9126.840","bitrate_reduction","50_percent","0.5","media/rfscVS0vtbw/bin-056-reference.mp4","media/rfscVS0vtbw/bin-056-bitrate_reduction-50_percent.mp4","","","","",""
"rfscVS0vtbw","56","8966.720","9126.840","bitrate_reduction","25_percent","0.75","media/rfscVS0vtbw/bin-056-reference.mp4","media/rfscVS0vtbw/bin-056-bitrate_reduction-25_percent.mp4","","","","",""
"rfscVS0vtbw","56","8966.720","9126.840","resolution_reduction","50_percent","0.5","media/rfscVS0vtbw/bin-056-reference.mp4","media/rfscVS0vtbw/bin-056-resolution_reduction-50_percent.mp4","","","","",""
"rfscVS0vtbw","56","8966.720","9126.840","resolution_reduction","25_percent","0.75","media/rfscVS0vtbw/bin-056-reference.mp4","media/rfscVS0vtbw/bin-056-resolution_reduction-25_percent.mp4","","","","",""
"rfscVS0vtbw","2","320.240","480.360","rebuffering","2s","2","media/rfscVS0vtbw/bin-002-reference.mp4","media/rfscVS0vtbw/bin-002-rebuffering-2s.mp4","","","","",""
"rfscVS0vtbw","2","320.240","480.360","rebuffering","5s","5","media/rfscVS0vtbw/bin-002-reference.mp4","media/rfscVS0vtbw/bin-002-rebuffering-5s.mp4","","","","",""
"rfscVS0vtbw","2","320.240","480.360","bitrate_reduction","50_percent","0.5","media/rfscVS0vtbw/bin-002-reference.mp4","media/rfscVS0vtbw/bin-002-bitrate_reduction-50_percent.mp4","","","","",""
"rfscVS0vtbw","2","320.240","480.360","bitrate_reduction","25_percent","0.75","media/rfscVS0vtbw/bin-002-reference.mp4","media/rfscVS0vtbw/bin-002-bitrate_reduction-25_percent.mp4","","","","",""
"rfscVS0vtbw","2","320.240","480.360","resolution_reduction","50_percent","0.5","media/rfscVS0vtbw/bin-002-reference.mp4","media/rfscVS0vtbw/bin-002-resolution_reduction-50_percent.mp4","","","","",""
"rfscVS0vtbw","2","320.240","480.360","resolution_reduction","25_percent","0.75","media/rfscVS0vtbw/bin-002-reference.mp4","media/rfscVS0vtbw/bin-002-resolution_reduction-25_percent.mp4","","","","",""
"rfscVS0vtbw","80","12809.600","12969.720","rebuffering","2s","2","media/rfscVS0vtbw/bin-080-reference.mp4","media/rfscVS0vtbw/bin-080-rebuffering-2s.mp4","","","","",""
"rfscVS0vtbw","80","12809.600","12969.720","rebuffering","5s","5","media/rfscVS0vtbw/bin-080-reference.mp4","media/rfscVS0vtbw/bin-080-rebuffering-5s.mp4","","","","",""
"rfscVS0vtbw","80","12809.600","12969.720","bitrate_reduction","50_percent","0.5","media/rfscVS0vtbw/bin-080-reference.mp4","media/rfscVS0vtbw/bin-080-bitrate_reduction-50_percent.mp4","","","","",""
"rfscVS0vtbw","80","12809.600","12969.720","bitrate_reduction","25_percent","0.75","media/rfscVS0vtbw/bin-080-reference.mp4","media/rfscVS0vtbw/bin-080-bitrate_reduction-25_percent.mp4","","","","",""
"rfscVS0vtbw","80","12809.600","12969.720","resolution_reduction","50_percent","0.5","media/rfscVS0vtbw/bin-080-reference.mp4","media/rfscVS0vtbw/bin-080-resolution_reduction-50_percent.mp4","","","","",""
"rfscVS0vtbw","80","12809.600","12969.720","resolution_reduction","25_percent","0.75","media/rfscVS0vtbw/bin-080-reference.mp4","media/rfscVS0vtbw/bin-080-resolution_reduction-25_percent.mp4","","","","",""
"rfscVS0vtbw","99","15851.880","16012.000","rebuffering","2s","2","media/rfscVS0vtbw/bin-099-reference.mp4","media/rfscVS0vtbw/bin-099-rebuffering-2s.mp4","","","","",""
"rfscVS0vtbw","99","15851.880","16012.000","rebuffering","5s","5","media/rfscVS0vtbw/bin-099-reference.mp4","media/rfscVS0vtbw/bin-099-rebuffering-5s.mp4","","","","",""
"rfscVS0vtbw","99","15851.880","16012.000","bitrate_reduction","50_percent","0.5","media/rfscVS0vtbw/bin-099-reference.mp4","media/rfscVS0vtbw/bin-099-bitrate_reduction-50_percent.mp4","","","","",""
"rfscVS0vtbw","99","15851.880","16012.000","bitrate_reduction","25_percent","0.75","media/rfscVS0vtbw/bin-099-reference.mp4","media/rfscVS0vtbw/bin-099-bitrate_reduction-25_percent.mp4","","","","",""
"rfscVS0vtbw","99","15851.880","16012.000","resolution_reduction","50_percent","0.5","media/rfscVS0vtbw/bin-099-reference.mp4","media/rfscVS0vtbw/bin-099-resolution_reduction-50_percent.mp4","","","","",""
"rfscVS0vtbw","99","15851.880","16012.000","resolution_reduction","25_percent","0.75","media/rfscVS0vtbw/bin-099-reference.mp4","media/rfscVS0vtbw/bin-099-resolution_reduction-25_percent.mp4","","","","",""
"fKxG8KjH1Qg","35","88.550","91.080","rebuffering","2s","2","media/fKxG8KjH1Qg/bin-035-reference.mp4","media/fKxG8KjH1Qg/bin-035-rebuffering-2s.mp4","","","","",""
"fKxG8KjH1Qg","35","88.550","91.080","rebuffering","5s","5","media/fKxG8KjH1Qg/bin-035-reference.mp4","media/fKxG8KjH1Qg/bin-035-rebuffering-5s.mp4","","","","",""
"fKxG8KjH1Qg","35","88.550","91.080","bitrate_reduction","50_percent","0.5","media/fKxG8KjH1Qg/bin-035-reference.mp4","media/fKxG8KjH1Qg/bin-035-bitrate_reduction-50_percent.mp4","","","","",""
"fKxG8KjH1Qg","35","88.550","91.080","bitrate_reduction","25_percent","0.75","media/fKxG8KjH1Qg/bin-035-reference.mp4","media/fKxG8KjH1Qg/bin-035-bitrate_reduction-25_percent.mp4","","","","",""
"fKxG8KjH1Qg","35","88.550","91.080","resolution_reduction","50_percent","0.5","media/fKxG8KjH1Qg/bin-035-reference.mp4","media/fKxG8KjH1Qg/bin-035-resolution_reduction-50_percent.mp4","","","","",""
"fKxG8KjH1Qg","35","88.550","91.080","resolution_reduction","25_percent","0.75","media/fKxG8KjH1Qg/bin-035-reference.mp4","media/fKxG8KjH1Qg/bin-035-resolution_reduction-25_percent.mp4","","","","",""
"fKxG8KjH1Qg","51","129.030","131.560","rebuffering","2s","2","media/fKxG8KjH1Qg/bin-051-reference.mp4","media/fKxG8KjH1Qg/bin-051-rebuffering-2s.mp4","","","","",""
"fKxG8KjH1Qg","51","129.030","131.560","rebuffering","5s","5","media/fKxG8KjH1Qg/bin-051-reference.mp4","media/fKxG8KjH1Qg/bin-051-rebuffering-5s.mp4","","","","",""
"fKxG8KjH1Qg","51","129.030","131.560","bitrate_reduction","50_percent","0.5","media/fKxG8KjH1Qg/bin-051-reference.mp4","media/fKxG8KjH1Qg/bin-051-bitrate_reduction-50_percent.mp4","","","","",""
"fKxG8KjH1Qg","51","129.030","131.560","bitrate_reduction","25_percent","0.75","media/fKxG8KjH1Qg/bin-051-reference.mp4","media/fKxG8KjH1Qg/bin-051-bitrate_reduction-25_percent.mp4","","","","",""
"fKxG8KjH1Qg","51","129.030","131.560","resolution_reduction","50_percent","0.5","media/fKxG8KjH1Qg/bin-051-reference.mp4","media/fKxG8KjH1Qg/bin-051-resolution_reduction-50_percent.mp4","","","","",""
"fKxG8KjH1Qg","51","129.030","131.560","resolution_reduction","25_percent","0.75","media/fKxG8KjH1Qg/bin-051-reference.mp4","media/fKxG8KjH1Qg/bin-051-resolution_reduction-25_percent.mp4","","","","",""
"fKxG8KjH1Qg","98","247.940","250.470","rebuffering","2s","2","media/fKxG8KjH1Qg/bin-098-reference.mp4","media/fKxG8KjH1Qg/bin-098-rebuffering-2s.mp4","","","","",""
"fKxG8KjH1Qg","98","247.940","250.470","rebuffering","5s","5","media/fKxG8KjH1Qg/bin-098-reference.mp4","media/fKxG8KjH1Qg/bin-098-rebuffering-5s.mp4","","","","",""
"fKxG8KjH1Qg","98","247.940","250.470","bitrate_reduction","50_percent","0.5","media/fKxG8KjH1Qg/bin-098-reference.mp4","media/fKxG8KjH1Qg/bin-098-bitrate_reduction-50_percent.mp4","","","","",""
"fKxG8KjH1Qg","98","247.940","250.470","bitrate_reduction","25_percent","0.75","media/fKxG8KjH1Qg/bin-098-reference.mp4","media/fKxG8KjH1Qg/bin-098-bitrate_reduction-25_percent.mp4","","","","",""
"fKxG8KjH1Qg","98","247.940","250.470","resolution_reduction","50_percent","0.5","media/fKxG8KjH1Qg/bin-098-reference.mp4","media/fKxG8KjH1Qg/bin-098-resolution_reduction-50_percent.mp4","","","","",""
"fKxG8KjH1Qg","98","247.940","250.470","resolution_reduction","25_percent","0.75","media/fKxG8KjH1Qg/bin-098-reference.mp4","media/fKxG8KjH1Qg/bin-098-resolution_reduction-25_percent.mp4","","","","",""
"fKxG8KjH1Qg","82","207.460","209.990","rebuffering","2s","2","media/fKxG8KjH1Qg/bin-082-reference.mp4","media/fKxG8KjH1Qg/bin-082-rebuffering-2s.mp4","","","","",""
"fKxG8KjH1Qg","82","207.460","209.990","rebuffering","5s","5","media/fKxG8KjH1Qg/bin-082-reference.mp4","media/fKxG8KjH1Qg/bin-082-rebuffering-5s.mp4","","","","",""
"fKxG8KjH1Qg","82","207.460","209.990","bitrate_reduction","50_percent","0.5","media/fKxG8KjH1Qg/bin-082-reference.mp4","media/fKxG8KjH1Qg/bin-082-bitrate_reduction-50_percent.mp4","","","","",""
"fKxG8KjH1Qg","82","207.460","209.990","bitrate_reduction","25_percent","0.75","media/fKxG8KjH1Qg/bin-082-reference.mp4","media/fKxG8KjH1Qg/bin-082-bitrate_reduction-25_percent.mp4","","","","",""
"fKxG8KjH1Qg","82","207.460","209.990","resolution_reduction","50_percent","0.5","media/fKxG8KjH1Qg/bin-082-reference.mp4","media/fKxG8KjH1Qg/bin-082-resolution_reduction-50_percent.mp4","","","","",""
"fKxG8KjH1Qg","82","207.460","209.990","resolution_reduction","25_percent","0.75","media/fKxG8KjH1Qg/bin-082-reference.mp4","media/fKxG8KjH1Qg/bin-082-resolution_reduction-25_percent.mp4","","","","",""
